:date 12212024-13:40:09.000
:fixed_data
0 0 0 0 sd_sd1-1
1 1 0 0 sd_sd2-1
2 2 0 0 sd_sd3-1
3 3 0 0 sd_sd4-1
4 4 0 0 sd_sd5-1
5 5 0 0 sd_sd6-1
6 6 0 0 sd_sd7-1
7 7 0 0 sd_sd8-1
8 8 0 0 sd_sd9-1
9 9 0 0 sd_sd10-1
10 10 0 0 sd_sd11-1
11 11 0 0 sd_sd12-1
12 12 0 0 sd_sd13-1
13 13 0 0 sd_sd14-1
14 14 0 0 sd_sd15-1
15 15 0 0 sd_sd16-1
:
:vdbench503_vdbench_data_for_swat303
:date 12212024-13:40:09.000 12212024-13:40:10.000
10 0 19773 0 377980592 0 158184 0 1965366 1965366 0 0 0 0
9 0 18666 0 379939071 0 149328 0 396031 396031 0 0 0 0
12 0 38087 0 372944707 0 304696 0 1515020 1515020 0 0 0 0
11 0 20533 0 364063057 0 164264 0 269480 269480 0 0 0 0
2 0 9176 0 231097912 0 73408 0 129196 129196 0 0 0 0
3 0 11316 0 206280900 0 90528 0 489949 489949 0 0 0 0
0 0 7344 0 204788098 0 58752 0 502353 502353 0 0 0 0
1 0 11312 0 199412617 0 90496 0 506209 506209 0 0 0 0
6 0 16663 0 301467908 0 133304 0 191606 191606 0 0 0 0
7 0 28406 0 338633205 0 227248 0 570222 570222 0 0 0 0
4 0 12506 0 206302715 0 100048 0 617242 617242 0 0 0 0
5 0 19688 0 319739526 0 157504 0 638447 638447 0 0 0 0
14 0 29983 0 449536260 0 239864 0 656817 656817 0 0 0 0
13 0 30615 0 391950143 0 244920 0 369014 369014 0 0 0 0
8 0 16327 0 280915702 0 130616 0 170337 170337 0 0 0 0
15 0 50453 0 456063006 0 403624 0 1495042 1495042 0 0 0 0
:
:vdbench503_vdbench_data_for_swat303
:date 12212024-13:40:46.000 12212024-13:40:47.000
10 0 51961 0 380992296 0 415688 0 55788 55788 0 0 0 0
9 0 54705 0 404584694 0 437640 0 59616 59616 0 0 0 0
12 0 49788 0 384270420 0 398304 0 64201 64201 0 0 0 0
11 0 42954 0 356363642 0 343632 0 60886 60886 0 0 0 0
2 0 33675 0 259392156 0 269400 0 50370 50370 0 0 0 0
3 0 33563 0 255977149 0 268504 0 48232 48232 0 0 0 0
0 0 71287 0 1007838755 0 570296 0 271472 271472 0 0 0 0
1 0 33787 0 302297916 0 270296 0 63142 63142 0 0 0 0
6 0 48371 0 384982033 0 386968 0 73504 73504 0 0 0 0
7 0 48387 0 371032337 0 387096 0 71170 71170 0 0 0 0
4 0 32918 0 256941728 0 263344 0 56444 56444 0 0 0 0
5 0 34070 0 275599942 0 272560 0 68254 68254 0 0 0 0
14 0 51589 0 404713316 0 412712 0 52844 52844 0 0 0 0
13 0 53356 0 404976496 0 426848 0 54837 54837 0 0 0 0
8 0 53218 0 397132096 0 425744 0 92679 92679 0 0 0 0
15 0 48158 0 386549784 0 385264 0 53917 53917 0 0 0 0
:
:vdbench503_vdbench_data_for_swat303
:date 12212024-13:40:46.000 12212024-13:40:47.000
10 0 13555 0 108323387 0 108440 0 55907 55907 0 0 0 0
9 0 14769 0 106214248 0 118152 0 34941 34941 0 0 0 0
12 0 14522 0 110290461 0 116176 0 64060 64060 0 0 0 0
11 0 13529 0 106241709 0 108232 0 31150 31150 0 0 0 0
2 0 33492 0 250773454 0 267936 0 31618 31618 0 0 0 0
3 0 31903 0 258987863 0 255224 0 47770 47770 0 0 0 0
0 0 1193 0 16057175 0 9544 0 76311 76311 0 0 0 0
1 0 22368 0 211071359 0 178944 0 31414 31414 0 0 0 0
6 0 12792 0 100001392 0 102336 0 27668 27668 0 0 0 0
7 0 13158 0 102246619 0 105264 0 29151 29151 0 0 0 0
4 0 34167 0 257703927 0 273336 0 40196 40196 0 0 0 0
5 0 20431 0 195333196 0 163448 0 40669 40669 0 0 0 0
14 0 16632 0 124764760 0 133056 0 29220 29220 0 0 0 0
13 0 16960 0 124919679 0 135680 0 29347 29347 0 0 0 0
8 0 14312 0 104362201 0 114496 0 37407 37407 0 0 0 0
15 0 14601 0 122356774 0 116808 0 54265 54265 0 0 0 0
:
:vdbench503_vdbench_data_for_swat303
:date 12212024-13:40:47.000 12212024-13:40:48.000
10 0 31836 0 218950631 0 254688 0 34215 34215 0 0 0 0
9 0 29501 0 218599643 0 236008 0 35243 35243 0 0 0 0
12 0 30812 0 224764622 0 246496 0 29746 29746 0 0 0 0
11 0 26587 0 229468866 0 212696 0 35043 35043 0 0 0 0
2 0 33609 0 258458883 0 268872 0 43416 43416 0 0 0 0
3 0 33568 0 253645862 0 268544 0 43684 43684 0 0 0 0
0 0 1118 0 15817929 0 8944 0 73467 73467 0 0 0 0
1 0 34258 0 255286753 0 274064 0 33364 33364 0 0 0 0
6 0 26585 0 208716469 0 212680 0 51420 51420 0 0 0 0
7 0 28670 0 211300619 0 229360 0 40350 40350 0 0 0 0
4 0 31856 0 252703456 0 254848 0 32166 32166 0 0 0 0
5 0 32771 0 246950962 0 262168 0 40864 40864 0 0 0 0
14 0 28122 0 209135157 0 224976 0 35021 35021 0 0 0 0
13 0 27468 0 202336705 0 219744 0 35866 35866 0 0 0 0
8 0 30264 0 221785009 0 242112 0 41056 41056 0 0 0 0
15 0 26503 0 210469012 0 212024 0 55618 55618 0 0 0 0
:
:vdbench503_vdbench_data_for_swat303
:date 12212024-13:40:47.000 12212024-13:40:48.000
10 0 33556 0 234419638 0 268448 0 37099 37099 0 0 0 0
9 0 30721 0 239747966 0 245768 0 40086 40086 0 0 0 0
12 0 36042 0 273634328 0 288336 0 43718 43718 0 0 0 0
11 0 31211 0 232770901 0 249688 0 43207 43207 0 0 0 0
2 0 31395 0 254794529 0 251160 0 45951 45951 0 0 0 0
3 0 31524 0 255027761 0 252192 0 51885 51885 0 0 0 0
0 0 2728 0 42472639 0 21824 0 57969 57969 0 0 0 0
1 0 32181 0 255096224 0 257448 0 49536 49536 0 0 0 0
6 0 32006 0 241541210 0 256048 0 29119 29119 0 0 0 0
7 0 30774 0 222503533 0 246192 0 42911 42911 0 0 0 0
4 0 31315 0 250174464 0 250520 0 54841 54841 0 0 0 0
5 0 31262 0 254172586 0 250096 0 50205 50205 0 0 0 0
14 0 33921 0 259710005 0 271368 0 43860 43860 0 0 0 0
13 0 34643 0 265980962 0 277144 0 45410 45410 0 0 0 0
8 0 33676 0 239307033 0 269408 0 44827 44827 0 0 0 0
15 0 32556 0 259477682 0 260448 0 45781 45781 0 0 0 0
:
:vdbench503_vdbench_data_for_swat303
:date 12212024-13:40:47.000 12212024-13:40:48.000
10 0 33006 0 239948661 0 264048 0 39920 39920 0 0 0 0
9 0 30726 0 245124319 0 245808 0 46616 46616 0 0 0 0
12 0 35018 0 265367759 0 280144 0 39035 39035 0 0 0 0
11 0 31114 0 244595964 0 248912 0 47703 47703 0 0 0 0
2 0 35245 0 256434486 0 281960 0 40643 40643 0 0 0 0
3 0 33155 0 255381443 0 265240 0 40670 40670 0 0 0 0
0 0 13067 0 198863459 0 104536 0 85950 85950 0 0 0 0
1 0 33424 0 255734942 0 267392 0 56316 56316 0 0 0 0
6 0 30919 0 222576543 0 247352 0 45818 45818 0 0 0 0
7 0 31125 0 218252908 0 249000 0 43145 43145 0 0 0 0
4 0 33063 0 249903624 0 264504 0 42089 42089 0 0 0 0
5 0 31772 0 248275762 0 254176 0 36207 36207 0 0 0 0
14 0 32938 0 259923546 0 263504 0 57234 57234 0 0 0 0
13 0 33569 0 259876009 0 268552 0 38917 38917 0 0 0 0
8 0 32763 0 243797084 0 262104 0 38780 38780 0 0 0 0
15 0 32204 0 260186018 0 257632 0 41454 41454 0 0 0 0
:
:vdbench503_vdbench_data_for_swat303
:date 12212024-13:40:48.000 12212024-13:40:49.000
10 0 34106 0 248725052 0 272848 0 35052 35052 0 0 0 0
9 0 32864 0 241889290 0 262912 0 37060 37060 0 0 0 0
12 0 34103 0 259872780 0 272824 0 33988 33988 0 0 0 0
11 0 33027 0 245635135 0 264216 0 29559 29559 0 0 0 0
2 0 34888 0 257786877 0 279104 0 35968 35968 0 0 0 0
3 0 33452 0 253205225 0 267616 0 35258 35258 0 0 0 0
0 0 18461 0 256166709 0 147688 0 83138 83138 0 0 0 0
1 0 34597 0 258467330 0 276776 0 37941 37941 0 0 0 0
6 0 30919 0 234588328 0 247352 0 33861 33861 0 0 0 0
7 0 31453 0 217914969 0 251624 0 32064 32064 0 0 0 0
4 0 34116 0 254211177 0 272928 0 34765 34765 0 0 0 0
5 0 32882 0 253938350 0 263056 0 32727 32727 0 0 0 0
14 0 34019 0 259582211 0 272152 0 32377 32377 0 0 0 0
13 0 33962 0 259443220 0 271696 0 32711 32711 0 0 0 0
8 0 32004 0 248318138 0 256032 0 29943 29943 0 0 0 0
15 0 32196 0 259312260 0 257568 0 34248 34248 0 0 0 0
:
:vdbench503_vdbench_data_for_swat303
:date 12212024-13:40:49.000 12212024-13:40:50.000
10 0 30720 0 208510166 0 245760 0 27494 27494 0 0 0 0
9 0 28882 0 220203356 0 231056 0 33273 33273 0 0 0 0
12 0 31220 0 236779216 0 249760 0 32734 32734 0 0 0 0
11 0 27863 0 217994477 0 222904 0 47161 47161 0 0 0 0
2 0 34297 0 253217105 0 274376 0 35359 35359 0 0 0 0
3 0 32587 0 247534858 0 260696 0 39988 39988 0 0 0 0
0 0 19203 0 254999794 0 153624 0 83634 83634 0 0 0 0
1 0 34536 0 252916272 0 276288 0 31496 31496 0 0 0 0
6 0 28425 0 218085621 0 227400 0 28485 28485 0 0 0 0
7 0 29021 0 203539227 0 232168 0 31235 31235 0 0 0 0
4 0 33614 0 246654314 0 268912 0 30816 30816 0 0 0 0
5 0 31203 0 235428237 0 249624 0 46223 46223 0 0 0 0
14 0 33460 0 253511124 0 267680 0 27206 27206 0 0 0 0
13 0 32621 0 252519138 0 260968 0 32792 32792 0 0 0 0
8 0 28442 0 233161216 0 227536 0 26490 26490 0 0 0 0
15 0 31915 0 252723556 0 255320 0 34054 34054 0 0 0 0
:
:vdbench503_vdbench_data_for_swat303
:date 12212024-13:40:50.000 12212024-13:40:51.000
10 0 32556 0 221258712 0 260448 0 55221 55221 0 0 0 0
9 0 29721 0 225638110 0 237768 0 56501 56501 0 0 0 0
12 0 32431 0 250305300 0 259448 0 59351 59351 0 0 0 0
11 0 30066 0 232740277 0 240528 0 61745 61745 0 0 0 0
2 0 35361 0 256106238 0 282888 0 43514 43514 0 0 0 0
3 0 32618 0 247687536 0 260944 0 51534 51534 0 0 0 0
0 0 21412 0 255879457 0 171296 0 68989 68989 0 0 0 0
1 0 34294 0 251430545 0 274352 0 60578 60578 0 0 0 0
6 0 28041 0 226974533 0 224328 0 56253 56253 0 0 0 0
7 0 29580 0 208796216 0 236640 0 55149 55149 0 0 0 0
4 0 32647 0 250196562 0 261176 0 66427 66427 0 0 0 0
5 0 31140 0 240725865 0 249120 0 66170 66170 0 0 0 0
14 0 36521 0 274833421 0 292168 0 54132 54132 0 0 0 0
13 0 34400 0 269993741 0 275200 0 56229 56229 0 0 0 0
8 0 29304 0 241647401 0 234432 0 39066 39066 0 0 0 0
15 0 34627 0 275838500 0 277016 0 46861 46861 0 0 0 0
:
:vdbench503_vdbench_data_for_swat303
:date 12212024-13:40:51.000 12212024-13:40:52.000
10 0 34825 0 219792183 0 278600 0 25910 25910 0 0 0 0
9 0 30478 0 243845608 0 243824 0 35086 35086 0 0 0 0
12 0 38292 0 282330224 0 306336 0 26540 26540 0 0 0 0
11 0 31617 0 236967159 0 252936 0 40593 40593 0 0 0 0
2 0 34905 0 254539504 0 279240 0 32793 32793 0 0 0 0
3 0 32384 0 239610198 0 259072 0 32431 32431 0 0 0 0
0 0 22134 0 256188597 0 177072 0 67571 67571 0 0 0 0
1 0 34837 0 246880081 0 278696 0 30613 30613 0 0 0 0
6 0 31698 0 205643348 0 253584 0 28114 28114 0 0 0 0
7 0 31011 0 213163587 0 248088 0 39351 39351 0 0 0 0
4 0 32813 0 241578468 0 262504 0 31261 31261 0 0 0 0
5 0 32798 0 234356388 0 262384 0 33528 33528 0 0 0 0
14 0 32877 0 241435807 0 263016 0 27449 27449 0 0 0 0
13 0 29434 0 236004299 0 235472 0 28535 28535 0 0 0 0
8 0 31127 0 241578380 0 249016 0 48366 48366 0 0 0 0
15 0 31371 0 241506414 0 250968 0 32189 32189 0 0 0 0
:
:vdbench503_vdbench_data_for_swat303
:date 12212024-13:40:52.000 12212024-13:40:53.000
10 0 30771 0 222166509 0 246168 0 51778 51778 0 0 0 0
9 0 29749 0 234583331 0 237992 0 50384 50384 0 0 0 0
12 0 33321 0 246304788 0 266568 0 54795 54795 0 0 0 0
11 0 29335 0 241268103 0 234680 0 40778 40778 0 0 0 0
2 0 34159 0 249946646 0 273272 0 52857 52857 0 0 0 0
3 0 31590 0 237992341 0 252720 0 54395 54395 0 0 0 0
0 0 21726 0 256207316 0 173808 0 81807 81807 0 0 0 0
1 0 34020 0 234989552 0 272160 0 54271 54271 0 0 0 0
6 0 30001 0 213290699 0 240008 0 59512 59512 0 0 0 0
7 0 29519 0 224285283 0 236152 0 54803 54803 0 0 0 0
4 0 32470 0 234766604 0 259760 0 53698 53698 0 0 0 0
5 0 31901 0 244247222 0 255208 0 47175 47175 0 0 0 0
14 0 34890 0 253915999 0 279120 0 51666 51666 0 0 0 0
13 0 32846 0 241833456 0 262768 0 54050 54050 0 0 0 0
8 0 30533 0 224992885 0 244264 0 55807 55807 0 0 0 0
15 0 33351 0 253222144 0 266808 0 53203 53203 0 0 0 0
:
:vdbench503_vdbench_data_for_swat303
:date 12212024-13:40:53.000 12212024-13:40:54.000
10 0 29594 0 213200319 0 236752 0 46871 46871 0 0 0 0
9 0 28763 0 229882035 0 230104 0 50467 50467 0 0 0 0
12 0 32117 0 232074083 0 256936 0 34406 34406 0 0 0 0
11 0 29348 0 227498090 0 234784 0 49713 49713 0 0 0 0
2 0 31908 0 242818768 0 255264 0 47936 47936 0 0 0 0
3 0 32355 0 240472580 0 258840 0 46431 46431 0 0 0 0
0 0 22144 0 255912824 0 177152 0 80259 80259 0 0 0 0
1 0 33669 0 230249864 0 269352 0 50467 50467 0 0 0 0
6 0 28325 0 186488861 0 226600 0 48433 48433 0 0 0 0
7 0 27599 0 231170414 0 220792 0 48901 48901 0 0 0 0
4 0 33222 0 228033284 0 265776 0 55190 55190 0 0 0 0
5 0 31695 0 245012386 0 253560 0 43171 43171 0 0 0 0
14 0 35622 0 248623772 0 284976 0 49258 49258 0 0 0 0
13 0 30611 0 240455174 0 244888 0 54219 54219 0 0 0 0
8 0 28858 0 234870501 0 230864 0 50553 50553 0 0 0 0
15 0 34808 0 248843044 0 278464 0 43948 43948 0 0 0 0
:
:vdbench503_vdbench_data_for_swat303
:date 12212024-13:40:54.000 12212024-13:40:55.000
10 0 29742 0 217478772 0 237936 0 41210 41210 0 0 0 0
9 0 29204 0 233622095 0 233632 0 43573 43573 0 0 0 0
12 0 28588 0 237501080 0 228704 0 27586 27586 0 0 0 0
11 0 29546 0 219556274 0 236368 0 36675 36675 0 0 0 0
2 0 33526 0 233016193 0 268208 0 33950 33950 0 0 0 0
3 0 32120 0 230164533 0 256960 0 37803 37803 0 0 0 0
0 0 23418 0 256081842 0 187344 0 58461 58461 0 0 0 0
1 0 33477 0 231321771 0 267816 0 38176 38176 0 0 0 0
6 0 29240 0 243069619 0 233920 0 42488 42488 0 0 0 0
7 0 31377 0 208294164 0 251016 0 40478 40478 0 0 0 0
4 0 33294 0 225205785 0 266352 0 39757 39757 0 0 0 0
5 0 30468 0 232047539 0 243744 0 31199 31199 0 0 0 0
14 0 32909 0 248399963 0 263272 0 36873 36873 0 0 0 0
13 0 29006 0 241158168 0 232048 0 37881 37881 0 0 0 0
8 0 29118 0 237641811 0 232944 0 44494 44494 0 0 0 0
15 0 32332 0 248982293 0 258656 0 36000 36000 0 0 0 0
:
:vdbench503_vdbench_data_for_swat303
:date 12212024-13:40:55.000 12212024-13:40:56.000
10 0 44573 0 292570331 0 356584 0 29740 29740 0 0 0 0
9 0 43403 0 344967486 0 347224 0 33419 33419 0 0 0 0
12 0 46538 0 352552584 0 372304 0 33778 33778 0 0 0 0
11 0 39143 0 356312703 0 313144 0 40834 40834 0 0 0 0
2 0 31547 0 228837521 0 252376 0 36322 36322 0 0 0 0
3 0 30703 0 232087936 0 245624 0 32439 32439 0 0 0 0
0 0 28321 0 255099420 0 226568 0 530640 530640 0 0 0 0
1 0 34192 0 220016475 0 273536 0 31316 31316 0 0 0 0
6 0 40011 0 253915599 0 320088 0 24858 24858 0 0 0 0
7 0 44152 0 297810183 0 353216 0 30438 30438 0 0 0 0
4 0 31694 0 223245940 0 253552 0 35193 35193 0 0 0 0
5 0 29976 0 235901670 0 239808 0 36505 36505 0 0 0 0
14 0 51938 0 395520235 0 415504 0 26606 26606 0 0 0 0
13 0 41079 0 374383555 0 328632 0 63111 63111 0 0 0 0
8 0 44042 0 342655807 0 352336 0 48361 48361 0 0 0 0
15 0 58717 0 401585454 0 469736 0 28784 28784 0 0 0 0
:
:vdbench503_vdbench_data_for_swat303
:date 12212024-13:40:56.000 12212024-13:40:57.000
10 0 25617 0 190412557 0 204936 0 44208 44208 0 0 0 0
9 0 18476 0 174337380 0 147808 0 58217 58217 0 0 0 0
12 0 28570 0 224122545 0 228560 0 52326 52326 0 0 0 0
11 0 30257 0 243437104 0 242056 0 50781 50781 0 0 0 0
2 0 30247 0 236286791 0 241976 0 51708 51708 0 0 0 0
3 0 29124 0 251256707 0 232992 0 49283 49283 0 0 0 0
0 0 26073 0 255621859 0 208584 0 95960 95960 0 0 0 0
1 0 29153 0 241265610 0 233224 0 48636 48636 0 0 0 0
6 0 23861 0 140544724 0 190888 0 36294 36294 0 0 0 0
7 0 20127 0 146059842 0 161016 0 43056 43056 0 0 0 0
4 0 35746 0 290751690 0 285968 0 46982 46982 0 0 0 0
5 0 34420 0 302264395 0 275360 0 44838 44838 0 0 0 0
14 0 25765 0 197599379 0 206120 0 48818 48818 0 0 0 0
13 0 25529 0 223935591 0 204232 0 63362 63362 0 0 0 0
8 0 13962 0 168138781 0 111696 0 42922 42922 0 0 0 0
15 0 29124 0 200336894 0 232992 0 45965 45965 0 0 0 0
:
:vdbench503_vdbench_data_for_swat303
:date 12212024-13:40:57.000 12212024-13:40:58.000
10 0 26481 0 222473114 0 211848 0 27739 27739 0 0 0 0
9 0 34226 0 272771959 0 273808 0 32126 32126 0 0 0 0
12 0 23720 0 202841093 0 189760 0 36069 36069 0 0 0 0
11 0 25794 0 186757299 0 206352 0 35408 35408 0 0 0 0
2 0 28544 0 251746510 0 228352 0 31470 31470 0 0 0 0
3 0 30269 0 253449533 0 242152 0 39994 39994 0 0 0 0
0 0 27013 0 255891912 0 216104 0 84913 84913 0 0 0 0
1 0 29922 0 252604895 0 239376 0 29745 29745 0 0 0 0
6 0 22787 0 138172332 0 182296 0 35978 35978 0 0 0 0
7 0 29797 0 268928085 0 238376 0 31865 31865 0 0 0 0
4 0 22194 0 199357823 0 177552 0 34701 34701 0 0 0 0
5 0 22797 0 196529445 0 182376 0 41114 41114 0 0 0 0
14 0 34793 0 266807449 0 278344 0 37317 37317 0 0 0 0
13 0 26979 0 208412360 0 215832 0 43529 43529 0 0 0 0
8 0 36170 0 280029576 0 289360 0 57249 57249 0 0 0 0
15 0 37433 0 267055104 0 299464 0 34627 34627 0 0 0 0
:
:vdbench503_vdbench_data_for_swat303
:date 12212024-13:40:58.000 12212024-13:40:59.000
10 0 31516 0 258047670 0 252128 0 116929 116929 0 0 0 0
9 0 30740 0 256249368 0 245920 0 80942 80942 0 0 0 0
12 0 35054 0 217718971 0 280432 0 119833 119833 0 0 0 0
11 0 30875 0 246044527 0 247000 0 130803 130803 0 0 0 0
2 0 35247 0 302220942 0 281976 0 120662 120662 0 0 0 0
3 0 34766 0 301347827 0 278128 0 85617 85617 0 0 0 0
0 0 29732 0 291366965 0 237856 0 766478 766478 0 0 0 0
1 0 35769 0 284998400 0 286152 0 125249 125249 0 0 0 0
6 0 34825 0 280918227 0 278600 0 121010 121010 0 0 0 0
7 0 28237 0 241992182 0 225896 0 119158 119158 0 0 0 0
4 0 33335 0 298992591 0 266680 0 125116 125116 0 0 0 0
5 0 34813 0 302885600 0 278504 0 118661 118661 0 0 0 0
14 0 15355 0 199985760 0 122840 0 121509 121509 0 0 0 0
13 0 33656 0 235927051 0 269248 0 108948 108948 0 0 0 0
8 0 32051 0 256737777 0 256408 0 121033 121033 0 0 0 0
15 0 29482 0 196140642 0 235856 0 65841 65841 0 0 0 0
:
:vdbench503_vdbench_data_for_swat303
:date 12212024-13:40:59.000 12212024-13:41:00.000
10 0 26453 0 243665993 0 211624 0 40584 40584 0 0 0 0
9 0 24355 0 243093885 0 194840 0 41652 41652 0 0 0 0
12 0 28046 0 133078713 0 224368 0 37548 37548 0 0 0 0
11 0 21218 0 242371020 0 169744 0 60174 60174 0 0 0 0
2 0 21207 0 242267712 0 169656 0 53126 53126 0 0 0 0
3 0 28670 0 235926867 0 229360 0 37625 37625 0 0 0 0
0 0 25912 0 220483712 0 207296 0 82358 82358 0 0 0 0
1 0 21675 0 212265744 0 173400 0 50937 50937 0 0 0 0
6 0 27282 0 238137518 0 218256 0 36646 36646 0 0 0 0
7 0 26599 0 228908611 0 212792 0 42455 42455 0 0 0 0
4 0 24534 0 241903074 0 196272 0 36284 36284 0 0 0 0
5 0 22645 0 244809794 0 181160 0 42941 42941 0 0 0 0
14 0 42013 0 284680555 0 336104 0 37568 37568 0 0 0 0
13 0 29553 0 238134610 0 236424 0 42654 42654 0 0 0 0
8 0 23370 0 244294139 0 186960 0 54471 54471 0 0 0 0
15 0 43161 0 218464068 0 345288 0 38370 38370 0 0 0 0
:
:vdbench503_vdbench_data_for_swat303
:date 12212024-13:41:00.000 12212024-13:41:01.000
10 0 25831 0 204354213 0 206648 0 41368 41368 0 0 0 0
9 0 25285 0 211513177 0 202280 0 49001 49001 0 0 0 0
12 0 24983 0 163973841 0 199864 0 37984 37984 0 0 0 0
11 0 26671 0 210652572 0 213368 0 32763 32763 0 0 0 0
2 0 24863 0 223634058 0 198904 0 42771 42771 0 0 0 0
3 0 25355 0 215456985 0 202840 0 46225 46225 0 0 0 0
0 0 29661 0 256046855 0 237288 0 47189 47189 0 0 0 0
1 0 26819 0 248244103 0 214552 0 50653 50653 0 0 0 0
6 0 30576 0 189020989 0 244608 0 39414 39414 0 0 0 0
7 0 29776 0 197467315 0 238208 0 28617 28617 0 0 0 0
4 0 24802 0 223455126 0 198416 0 35258 35258 0 0 0 0
5 0 29085 0 228780669 0 232680 0 34612 34612 0 0 0 0
14 0 21686 0 164017805 0 173488 0 36025 36025 0 0 0 0
13 0 23754 0 201147472 0 190032 0 30384 30384 0 0 0 0
8 0 19726 0 211380136 0 157808 0 36965 36965 0 0 0 0
15 0 24357 0 102197200 0 194856 0 31184 31184 0 0 0 0
:
:vdbench503_vdbench_data_for_swat303
:date 12212024-13:41:01.000 12212024-13:41:02.000
10 0 28907 0 201785532 0 231256 0 35753 35753 0 0 0 0
9 0 30568 0 207426196 0 244544 0 32736 32736 0 0 0 0
12 0 28106 0 185729402 0 224848 0 28177 28177 0 0 0 0
11 0 33000 0 220730594 0 264000 0 31805 31805 0 0 0 0
2 0 27801 0 255510897 0 222408 0 36222 36222 0 0 0 0
3 0 30047 0 255675745 0 240376 0 43237 43237 0 0 0 0
0 0 24828 0 256554778 0 198624 0 61332 61332 0 0 0 0
1 0 27157 0 256503374 0 217256 0 48051 48051 0 0 0 0
6 0 27019 0 102650505 0 216152 0 31854 31854 0 0 0 0
7 0 27885 0 171525270 0 223080 0 36732 36732 0 0 0 0
4 0 28633 0 255722591 0 229064 0 48555 48555 0 0 0 0
5 0 32983 0 246945899 0 263864 0 32270 32270 0 0 0 0
14 0 29005 0 224718962 0 232040 0 29269 29269 0 0 0 0
13 0 29213 0 225736986 0 233704 0 28172 28172 0 0 0 0
8 0 32646 0 240656453 0 261168 0 36231 36231 0 0 0 0
15 0 27790 0 213963554 0 222320 0 23045 23045 0 0 0 0
:
:vdbench503_vdbench_data_for_swat303
:date 12212024-13:41:02.000 12212024-13:41:03.000
10 0 31561 0 195077947 0 252488 0 32711 32711 0 0 0 0
9 0 30988 0 212416697 0 247904 0 45932 45932 0 0 0 0
12 0 32262 0 244500131 0 258096 0 51803 51803 0 0 0 0
11 0 32674 0 211816876 0 261392 0 37107 37107 0 0 0 0
2 0 34860 0 256701613 0 278880 0 35061 35061 0 0 0 0
3 0 30710 0 234439004 0 245680 0 41056 41056 0 0 0 0
0 0 24406 0 255374102 0 195248 0 60835 60835 0 0 0 0
1 0 32510 0 255728654 0 260080 0 37437 37437 0 0 0 0
6 0 30981 0 66623214 0 247848 0 23810 23810 0 0 0 0
7 0 30812 0 171958019 0 246496 0 42308 42308 0 0 0 0
4 0 34473 0 256285737 0 275784 0 47339 47339 0 0 0 0
5 0 34777 0 217498728 0 278216 0 46078 46078 0 0 0 0
14 0 25428 0 273384971 0 203424 0 34384 34384 0 0 0 0
13 0 32017 0 256960374 0 256136 0 29488 29488 0 0 0 0
8 0 35029 0 237944788 0 280232 0 32512 32512 0 0 0 0
15 0 30777 0 268949024 0 246216 0 48451 48451 0 0 0 0
:
:vdbench503_vdbench_data_for_swat303
:date 12212024-13:41:03.000 12212024-13:41:04.000
10 0 29146 0 175935504 0 233168 0 69143 69143 0 0 0 0
9 0 28765 0 194197522 0 230120 0 92350 92350 0 0 0 0
12 0 25685 0 154762356 0 205480 0 70508 70508 0 0 0 0
11 0 26183 0 193919944 0 209464 0 68491 68491 0 0 0 0
2 0 32574 0 254909861 0 260592 0 78866 78866 0 0 0 0
3 0 31985 0 223902581 0 255880 0 73047 73047 0 0 0 0
0 0 23361 0 255648197 0 186888 0 116084 116084 0 0 0 0
1 0 32729 0 251609270 0 261832 0 92227 92227 0 0 0 0
6 0 27014 0 95868538 0 216112 0 84351 84351 0 0 0 0
7 0 28189 0 150530189 0 225512 0 71313 71313 0 0 0 0
4 0 32536 0 237444264 0 260288 0 97311 97311 0 0 0 0
5 0 30248 0 195449485 0 241984 0 56764 56764 0 0 0 0
14 0 26098 0 243486777 0 208784 0 83052 83052 0 0 0 0
13 0 28643 0 211080587 0 229144 0 95465 95465 0 0 0 0
8 0 28559 0 209745747 0 228472 0 88905 88905 0 0 0 0
15 0 28279 0 230923872 0 226232 0 86261 86261 0 0 0 0
:
:vdbench503_vdbench_data_for_swat303
:date 12212024-13:41:04.000 12212024-13:41:05.000
10 0 30029 0 192225511 0 240232 0 31329 31329 0 0 0 0
9 0 29945 0 195696258 0 239560 0 27464 27464 0 0 0 0
12 0 31139 0 229722925 0 249112 0 31541 31541 0 0 0 0
11 0 29873 0 196393418 0 238984 0 27494 27494 0 0 0 0
2 0 34045 0 225770802 0 272360 0 30842 30842 0 0 0 0
3 0 32873 0 214947762 0 262984 0 31086 31086 0 0 0 0
0 0 27329 0 255839600 0 218632 0 58770 58770 0 0 0 0
1 0 33572 0 209696265 0 268576 0 29698 29698 0 0 0 0
6 0 31013 0 90233138 0 248104 0 21900 21900 0 0 0 0
7 0 30180 0 148715249 0 241440 0 30094 30094 0 0 0 0
4 0 30586 0 227324154 0 244688 0 29768 29768 0 0 0 0
5 0 30227 0 211516176 0 241816 0 53431 53431 0 0 0 0
14 0 32288 0 259897999 0 258304 0 26773 26773 0 0 0 0
13 0 30203 0 239062675 0 241624 0 35634 35634 0 0 0 0
8 0 29902 0 228847366 0 239216 0 31846 31846 0 0 0 0
15 0 29969 0 243386060 0 239752 0 27754 27754 0 0 0 0
:
:vdbench503_vdbench_data_for_swat303
:date 12212024-13:41:05.000 12212024-13:41:06.000
10 0 32815 0 200506967 0 262520 0 44290 44290 0 0 0 0
9 0 31879 0 207211482 0 255032 0 54730 54730 0 0 0 0
12 0 30464 0 224915049 0 243712 0 37757 37757 0 0 0 0
11 0 31770 0 184051529 0 254160 0 52746 52746 0 0 0 0
2 0 32103 0 221372192 0 256824 0 52002 52002 0 0 0 0
3 0 32223 0 216077396 0 257784 0 51110 51110 0 0 0 0
0 0 26079 0 255615955 0 208632 0 77856 77856 0 0 0 0
1 0 32842 0 216676359 0 262736 0 55866 55866 0 0 0 0
6 0 26464 0 94893214 0 211712 0 48140 48140 0 0 0 0
7 0 31077 0 138795137 0 248616 0 49851 49851 0 0 0 0
4 0 30405 0 233146539 0 243240 0 59150 59150 0 0 0 0
5 0 30397 0 214132306 0 243176 0 54681 54681 0 0 0 0
14 0 37053 0 274132865 0 296424 0 54764 54764 0 0 0 0
13 0 29259 0 251325770 0 234072 0 73687 73687 0 0 0 0
8 0 32051 0 230759571 0 256408 0 58126 58126 0 0 0 0
15 0 31945 0 247714846 0 255560 0 54346 54346 0 0 0 0
:
:vdbench503_vdbench_data_for_swat303
:date 12212024-13:41:06.000 12212024-13:41:07.000
10 0 27475 0 170350704 0 219800 0 53873 53873 0 0 0 0
9 0 26852 0 160863861 0 214816 0 78224 78224 0 0 0 0
12 0 29363 0 179300972 0 234904 0 58732 58732 0 0 0 0
11 0 28164 0 198063051 0 225312 0 84174 84174 0 0 0 0
2 0 31891 0 218694408 0 255128 0 71142 71142 0 0 0 0
3 0 31130 0 219810744 0 249040 0 66451 66451 0 0 0 0
0 0 24876 0 256420852 0 199008 0 105684 105684 0 0 0 0
1 0 31364 0 217204722 0 250912 0 65951 65951 0 0 0 0
6 0 31860 0 96664831 0 254880 0 81176 81176 0 0 0 0
7 0 27167 0 119443913 0 217336 0 76309 76309 0 0 0 0
4 0 29636 0 227798429 0 237088 0 76873 76873 0 0 0 0
5 0 30559 0 217580793 0 244472 0 69252 69252 0 0 0 0
14 0 27680 0 225862119 0 221440 0 88379 88379 0 0 0 0
13 0 29947 0 225517992 0 239576 0 73559 73559 0 0 0 0
8 0 26995 0 202091670 0 215960 0 88018 88018 0 0 0 0
15 0 27234 0 194631870 0 217872 0 69680 69680 0 0 0 0
:
:vdbench503_vdbench_data_for_swat303
:date 12212024-13:41:07.000 12212024-13:41:08.000
10 0 31999 0 193626917 0 255992 0 60120 60120 0 0 0 0
9 0 31684 0 171989718 0 253472 0 48434 48434 0 0 0 0
12 0 29275 0 199585847 0 234200 0 51168 51168 0 0 0 0
11 0 30687 0 190801953 0 245496 0 38108 38108 0 0 0 0
2 0 31858 0 212334357 0 254864 0 48437 48437 0 0 0 0
3 0 32356 0 210305081 0 258848 0 54705 54705 0 0 0 0
0 0 25437 0 255832968 0 203496 0 76061 76061 0 0 0 0
1 0 32544 0 202842604 0 260352 0 47108 47108 0 0 0 0
6 0 28869 0 62859814 0 230952 0 39294 39294 0 0 0 0
7 0 31649 0 154616086 0 253192 0 43006 43006 0 0 0 0
4 0 29494 0 240009491 0 235952 0 55335 55335 0 0 0 0
5 0 28065 0 203255072 0 224520 0 40909 40909 0 0 0 0
14 0 32101 0 242754273 0 256808 0 47119 47119 0 0 0 0
13 0 31556 0 237610877 0 252448 0 47654 47654 0 0 0 0
8 0 31323 0 228460265 0 250584 0 49224 49224 0 0 0 0
15 0 31173 0 229287993 0 249384 0 46854 46854 0 0 0 0
:
:vdbench503_vdbench_data_for_swat303
:date 12212024-13:41:08.000 12212024-13:41:09.000
10 0 27520 0 167439813 0 220160 0 32868 32868 0 0 0 0
9 0 27254 0 165464412 0 218032 0 31237 31237 0 0 0 0
12 0 26952 0 189971287 0 215616 0 34618 34618 0 0 0 0
11 0 27237 0 145290806 0 217896 0 29493 29493 0 0 0 0
2 0 30986 0 215033652 0 247888 0 41167 41167 0 0 0 0
3 0 32304 0 201206772 0 258432 0 37402 37402 0 0 0 0
0 0 26338 0 255843583 0 210704 0 78636 78636 0 0 0 0
1 0 32220 0 203741166 0 257760 0 33213 33213 0 0 0 0
6 0 29193 0 48921126 0 233544 0 19212 19212 0 0 0 0
7 0 27707 0 128047914 0 221656 0 32534 32534 0 0 0 0
4 0 29870 0 223257203 0 238960 0 41146 41146 0 0 0 0
5 0 29453 0 198265019 0 235624 0 35671 35671 0 0 0 0
14 0 28051 0 226509768 0 224408 0 31937 31937 0 0 0 0
13 0 27704 0 219332019 0 221632 0 32835 32835 0 0 0 0
8 0 26933 0 181372826 0 215464 0 31521 31521 0 0 0 0
15 0 27702 0 206718518 0 221616 0 34017 34017 0 0 0 0
:
:vdbench503_vdbench_data_for_swat303
:date 12212024-13:41:09.000 12212024-13:41:10.000
10 0 28412 0 164352160 0 227296 0 29645 29645 0 0 0 0
9 0 28350 0 159960542 0 226800 0 33257 33257 0 0 0 0
12 0 30337 0 209934611 0 242696 0 36544 36544 0 0 0 0
11 0 28229 0 145855414 0 225832 0 34557 34557 0 0 0 0
2 0 30683 0 207659732 0 245464 0 37597 37597 0 0 0 0
3 0 32378 0 196046069 0 259024 0 36229 36229 0 0 0 0
0 0 24595 0 256205543 0 196760 0 71079 71079 0 0 0 0
1 0 31194 0 214929078 0 249552 0 42077 42077 0 0 0 0
6 0 28420 0 47964014 0 227360 0 28717 28717 0 0 0 0
7 0 28302 0 93402167 0 226416 0 30503 30503 0 0 0 0
4 0 30377 0 220488453 0 243016 0 35622 35622 0 0 0 0
5 0 29530 0 221878587 0 236240 0 35862 35862 0 0 0 0
14 0 27648 0 235325071 0 221184 0 33879 33879 0 0 0 0
13 0 28150 0 218579101 0 225200 0 33728 33728 0 0 0 0
8 0 28575 0 200254695 0 228600 0 36967 36967 0 0 0 0
15 0 27815 0 212216122 0 222520 0 33328 33328 0 0 0 0
:
:vdbench503_vdbench_data_for_swat303
:date 12212024-13:41:10.000 12212024-13:41:11.000
10 0 30058 0 171160830 0 240464 0 25592 25592 0 0 0 0
9 0 29661 0 124539771 0 237288 0 38896 38896 0 0 0 0
12 0 28336 0 192885341 0 226688 0 33540 33540 0 0 0 0
11 0 29994 0 145014661 0 239952 0 26789 26789 0 0 0 0
2 0 30481 0 224595787 0 243848 0 44562 44562 0 0 0 0
3 0 31829 0 202632511 0 254632 0 34453 34453 0 0 0 0
0 0 27912 0 255745403 0 223296 0 64177 64177 0 0 0 0
1 0 30322 0 202548877 0 242576 0 30478 30478 0 0 0 0
6 0 29588 0 65916225 0 236704 0 26662 26662 0 0 0 0
7 0 29683 0 115785694 0 237464 0 32496 32496 0 0 0 0
4 0 29480 0 201444748 0 235840 0 25246 25246 0 0 0 0
5 0 28606 0 227466242 0 228848 0 29798 29798 0 0 0 0
14 0 29578 0 254187319 0 236624 0 31590 31590 0 0 0 0
13 0 30281 0 223000019 0 242248 0 33915 33915 0 0 0 0
8 0 29627 0 199125623 0 237016 0 36859 36859 0 0 0 0
15 0 29605 0 221369299 0 236840 0 34804 34804 0 0 0 0
:
:vdbench503_vdbench_data_for_swat303
:date 12212024-13:41:11.000 12212024-13:41:12.000
10 0 29046 0 148321300 0 232368 0 39262 39262 0 0 0 0
9 0 29605 0 105147989 0 236840 0 32731 32731 0 0 0 0
12 0 28599 0 204697541 0 228792 0 33534 33534 0 0 0 0
11 0 29418 0 147912487 0 235344 0 41931 41931 0 0 0 0
2 0 30784 0 196332865 0 246272 0 41780 41780 0 0 0 0
3 0 30851 0 217616365 0 246808 0 45564 45564 0 0 0 0
0 0 27298 0 255685387 0 218384 0 75748 75748 0 0 0 0
1 0 29783 0 220709049 0 238264 0 45130 45130 0 0 0 0
6 0 29950 0 58343384 0 239600 0 28387 28387 0 0 0 0
7 0 29128 0 100135437 0 233024 0 35260 35260 0 0 0 0
4 0 29564 0 223322650 0 236512 0 42096 42096 0 0 0 0
5 0 29206 0 212373524 0 233648 0 43224 43224 0 0 0 0
14 0 29536 0 247977757 0 236288 0 46674 46674 0 0 0 0
13 0 29317 0 227127130 0 234536 0 45284 45284 0 0 0 0
8 0 29129 0 190496034 0 233032 0 39879 39879 0 0 0 0
15 0 29401 0 218999101 0 235208 0 46506 46506 0 0 0 0
:
:vdbench503_vdbench_data_for_swat303
:date 12212024-13:41:12.000 12212024-13:41:13.000
10 0 33286 0 162739794 0 266288 0 43109 43109 0 0 0 0
9 0 33037 0 135765005 0 264296 0 53397 53397 0 0 0 0
12 0 33599 0 233006263 0 268792 0 45639 45639 0 0 0 0
11 0 33522 0 178561409 0 268176 0 51582 51582 0 0 0 0
2 0 30633 0 208777610 0 245064 0 54010 54010 0 0 0 0
3 0 31802 0 205863411 0 254416 0 51819 51819 0 0 0 0
0 0 26370 0 256007013 0 210960 0 80671 80671 0 0 0 0
1 0 29184 0 230972544 0 233472 0 52513 52513 0 0 0 0
6 0 33433 0 69702256 0 267464 0 42863 42863 0 0 0 0
7 0 33033 0 111171253 0 264264 0 44399 44399 0 0 0 0
4 0 30327 0 206764590 0 242616 0 39340 39340 0 0 0 0
5 0 29692 0 174890180 0 237536 0 41015 41015 0 0 0 0
14 0 33562 0 276898943 0 268496 0 48656 48656 0 0 0 0
13 0 33657 0 254463129 0 269256 0 39397 39397 0 0 0 0
8 0 33336 0 220642704 0 266688 0 47154 47154 0 0 0 0
15 0 33121 0 238613532 0 264968 0 51278 51278 0 0 0 0
:
:vdbench503_vdbench_data_for_swat303
:date 12212024-13:41:13.000 12212024-13:41:14.000
10 0 24903 0 152833198 0 199224 0 45312 45312 0 0 0 0
9 0 24953 0 106357719 0 199624 0 40435 40435 0 0 0 0
12 0 25252 0 183505113 0 202016 0 45167 45167 0 0 0 0
11 0 24801 0 113785720 0 198408 0 36710 36710 0 0 0 0
2 0 30395 0 214832424 0 243160 0 41800 41800 0 0 0 0
3 0 30643 0 197341788 0 245144 0 40546 40546 0 0 0 0
0 0 25165 0 256480587 0 201320 0 67282 67282 0 0 0 0
1 0 30422 0 215825866 0 243376 0 46994 46994 0 0 0 0
6 0 24189 0 56009693 0 193512 0 32290 32290 0 0 0 0
7 0 24710 0 109533155 0 197680 0 33821 33821 0 0 0 0
4 0 29048 0 224651077 0 232384 0 48472 48472 0 0 0 0
5 0 29306 0 188090411 0 234448 0 45425 45425 0 0 0 0
14 0 25138 0 205857573 0 201104 0 40257 40257 0 0 0 0
13 0 24935 0 186696387 0 199480 0 42911 42911 0 0 0 0
8 0 25042 0 169407845 0 200336 0 50789 50789 0 0 0 0
15 0 25395 0 189160927 0 203160 0 41196 41196 0 0 0 0
:
:vdbench503_vdbench_data_for_swat303
:date 12212024-13:41:14.000 12212024-13:41:15.000
10 0 31110 0 168808747 0 248880 0 36765 36765 0 0 0 0
9 0 31254 0 132229872 0 250032 0 34033 34033 0 0 0 0
12 0 30822 0 213436984 0 246576 0 24476 24476 0 0 0 0
11 0 31523 0 134662032 0 252184 0 35786 35786 0 0 0 0
2 0 29712 0 210082487 0 237696 0 68508 68508 0 0 0 0
3 0 31510 0 198849892 0 252080 0 53363 53363 0 0 0 0
0 0 21430 0 255388819 0 171440 0 59203 59203 0 0 0 0
1 0 29618 0 216484247 0 236944 0 46643 46643 0 0 0 0
6 0 29132 0 71610138 0 233056 0 47493 47493 0 0 0 0
7 0 31334 0 121677494 0 250672 0 43857 43857 0 0 0 0
4 0 29427 0 217236320 0 235416 0 82799 82799 0 0 0 0
5 0 29446 0 194597301 0 235568 0 53970 53970 0 0 0 0
14 0 31288 0 245866461 0 250304 0 27727 27727 0 0 0 0
13 0 31071 0 233805972 0 248568 0 34824 34824 0 0 0 0
8 0 31165 0 200326391 0 249320 0 36891 36891 0 0 0 0
15 0 30143 0 223153798 0 241144 0 38653 38653 0 0 0 0
:
:vdbench503_vdbench_data_for_swat303
:date 12212024-13:41:15.000 12212024-13:41:16.000
10 0 29094 0 190547375 0 232752 0 96786 96786 0 0 0 0
9 0 28812 0 133095218 0 230496 0 88347 88347 0 0 0 0
12 0 29220 0 165495604 0 233760 0 89835 89835 0 0 0 0
11 0 28807 0 145508439 0 230456 0 81541 81541 0 0 0 0
2 0 30205 0 211682988 0 241640 0 70027 70027 0 0 0 0
3 0 31587 0 176358039 0 252696 0 77522 77522 0 0 0 0
0 0 19610 0 252065562 0 156880 0 126833 126833 0 0 0 0
1 0 31501 0 201174168 0 252008 0 75812 75812 0 0 0 0
6 0 27916 0 88546383 0 223328 0 47402 47402 0 0 0 0
7 0 28824 0 150087498 0 230592 0 82735 82735 0 0 0 0
4 0 30338 0 231599926 0 242704 0 85267 85267 0 0 0 0
5 0 29753 0 151151435 0 238024 0 88115 88115 0 0 0 0
14 0 29715 0 234977006 0 237720 0 91208 91208 0 0 0 0
13 0 27224 0 183485718 0 217792 0 81775 81775 0 0 0 0
8 0 28720 0 199263016 0 229760 0 100915 100915 0 0 0 0
15 0 29549 0 181500980 0 236392 0 91446 91446 0 0 0 0
:
:vdbench503_vdbench_data_for_swat303
:date 12212024-13:41:16.000 12212024-13:41:17.000
10 0 27849 0 154373720 0 222792 0 41537 41537 0 0 0 0
9 0 28026 0 142205294 0 224208 0 41823 41823 0 0 0 0
12 0 28573 0 198931649 0 228584 0 41470 41470 0 0 0 0
11 0 27604 0 145755044 0 220832 0 42294 42294 0 0 0 0
2 0 29099 0 212722492 0 232792 0 48028 48028 0 0 0 0
3 0 29409 0 210798479 0 235272 0 48153 48153 0 0 0 0
0 0 24979 0 259667796 0 199832 0 101936 101936 0 0 0 0
1 0 29168 0 200876545 0 233344 0 45410 45410 0 0 0 0
6 0 31354 0 70347932 0 250832 0 44035 44035 0 0 0 0
7 0 28263 0 123786295 0 226104 0 38627 38627 0 0 0 0
4 0 29284 0 204810544 0 234272 0 40235 40235 0 0 0 0
5 0 29377 0 173156200 0 235016 0 39257 39257 0 0 0 0
14 0 27053 0 222804661 0 216424 0 42663 42663 0 0 0 0
13 0 29731 0 239849934 0 237848 0 48362 48362 0 0 0 0
8 0 28099 0 181765055 0 224792 0 41593 41593 0 0 0 0
15 0 26874 0 199635930 0 214992 0 47520 47520 0 0 0 0
:
:vdbench503_vdbench_data_for_swat303
:date 12212024-13:41:17.000 12212024-13:41:18.000
10 0 31342 0 156735825 0 250736 0 37052 37052 0 0 0 0
9 0 31486 0 113455308 0 251888 0 39173 39173 0 0 0 0
12 0 30976 0 209764449 0 247808 0 33126 33126 0 0 0 0
11 0 31445 0 156618319 0 251560 0 38796 38796 0 0 0 0
2 0 30200 0 201520896 0 241600 0 48427 48427 0 0 0 0
3 0 29732 0 159942297 0 237856 0 44976 44976 0 0 0 0
0 0 21731 0 255724276 0 173848 0 62514 62514 0 0 0 0
1 0 29575 0 161664401 0 236600 0 45867 45867 0 0 0 0
6 0 28206 0 74278174 0 225648 0 37372 37372 0 0 0 0
7 0 31779 0 125087358 0 254232 0 40027 40027 0 0 0 0
4 0 30112 0 185301632 0 240896 0 36050 36050 0 0 0 0
5 0 29399 0 102742042 0 235192 0 38447 38447 0 0 0 0
14 0 30853 0 266206920 0 246824 0 41869 41869 0 0 0 0
13 0 30157 0 246943727 0 241256 0 41734 41734 0 0 0 0
8 0 31248 0 196600352 0 249984 0 39751 39751 0 0 0 0
15 0 31339 0 232968671 0 250712 0 39845 39845 0 0 0 0
:
:vdbench503_vdbench_data_for_swat303
:date 12212024-13:41:18.000 12212024-13:41:19.000
10 0 27371 0 157869314 0 218968 0 47211 47211 0 0 0 0
9 0 27340 0 107253213 0 218720 0 43251 43251 0 0 0 0
12 0 27323 0 186354803 0 218584 0 48195 48195 0 0 0 0
11 0 27258 0 129947366 0 218064 0 44298 44298 0 0 0 0
2 0 29212 0 175242208 0 233696 0 46397 46397 0 0 0 0
3 0 29427 0 102804325 0 235416 0 46696 46696 0 0 0 0
0 0 23247 0 256085298 0 185976 0 70594 70594 0 0 0 0
1 0 29451 0 118256092 0 235608 0 41931 41931 0 0 0 0
6 0 28826 0 58003300 0 230608 0 36134 36134 0 0 0 0
7 0 27096 0 106240845 0 216768 0 39715 39715 0 0 0 0
4 0 29429 0 156494064 0 235432 0 39987 39987 0 0 0 0
5 0 29073 0 64793426 0 232584 0 38663 38663 0 0 0 0
14 0 27582 0 231203291 0 220656 0 45456 45456 0 0 0 0
13 0 27441 0 225046414 0 219528 0 32624 32624 0 0 0 0
8 0 27308 0 176865932 0 218464 0 43345 43345 0 0 0 0
15 0 27686 0 202507808 0 221488 0 44913 44913 0 0 0 0
:
:vdbench503_vdbench_data_for_swat303
:date 12212024-13:41:19.000 12212024-13:41:20.000
10 0 29200 0 168239567 0 233600 0 26086 26086 0 0 0 0
9 0 28976 0 107539851 0 231808 0 28850 28850 0 0 0 0
12 0 29052 0 200654726 0 232416 0 33010 33010 0 0 0 0
11 0 29193 0 138605233 0 233544 0 33941 33941 0 0 0 0
2 0 29116 0 223205748 0 232928 0 34119 34119 0 0 0 0
3 0 29385 0 74050442 0 235080 0 25060 25060 0 0 0 0
0 0 25476 0 256167667 0 203808 0 59497 59497 0 0 0 0
1 0 29604 0 69265444 0 236832 0 29969 29969 0 0 0 0
6 0 29908 0 50870213 0 239264 0 17191 17191 0 0 0 0
7 0 28973 0 110462553 0 231784 0 26158 26158 0 0 0 0
4 0 29137 0 191178573 0 233096 0 28696 28696 0 0 0 0
5 0 29648 0 51370044 0 237184 0 32436 32436 0 0 0 0
14 0 29748 0 239578552 0 237984 0 41400 41400 0 0 0 0
13 0 29079 0 233094867 0 232632 0 26701 26701 0 0 0 0
8 0 28781 0 183571111 0 230248 0 27726 27726 0 0 0 0
15 0 29074 0 205646218 0 232592 0 27794 27794 0 0 0 0
:
:vdbench503_vdbench_data_for_swat303
:date 12212024-13:41:20.000 12212024-13:41:21.000
10 0 29630 0 193101739 0 237040 0 55466 55466 0 0 0 0
9 0 29659 0 122252031 0 237272 0 26266 26266 0 0 0 0
12 0 30214 0 217713660 0 241712 0 60193 60193 0 0 0 0
11 0 29386 0 150424793 0 235088 0 20981 20981 0 0 0 0
2 0 29169 0 195489731 0 233352 0 28092 28092 0 0 0 0
3 0 29477 0 90303522 0 235816 0 26087 26087 0 0 0 0
0 0 29809 0 256537078 0 238472 0 50945 50945 0 0 0 0
1 0 29205 0 88828363 0 233640 0 32464 32464 0 0 0 0
6 0 30091 0 63330602 0 240728 0 14167 14167 0 0 0 0
7 0 29348 0 142841430 0 234784 0 24627 24627 0 0 0 0
4 0 29169 0 192779764 0 233352 0 22495 22495 0 0 0 0
5 0 29396 0 68441005 0 235168 0 24148 24148 0 0 0 0
14 0 29286 0 228520870 0 234288 0 28044 28044 0 0 0 0
13 0 30644 0 236473754 0 245152 0 20595 20595 0 0 0 0
8 0 29744 0 203165176 0 237952 0 27309 27309 0 0 0 0
15 0 29138 0 217199944 0 233104 0 40141 40141 0 0 0 0
:
:vdbench503_vdbench_data_for_swat303
:date 12212024-13:41:21.000 12212024-13:41:22.000
10 0 29480 0 168279045 0 235840 0 24906 24906 0 0 0 0
9 0 29689 0 142713429 0 237512 0 19613 19613 0 0 0 0
12 0 29069 0 206172436 0 232552 0 23947 23947 0 0 0 0
11 0 29489 0 176692293 0 235912 0 26525 26525 0 0 0 0
2 0 29528 0 207341701 0 236224 0 30831 30831 0 0 0 0
3 0 29338 0 83454221 0 234704 0 27781 27781 0 0 0 0
0 0 28351 0 255503883 0 226808 0 52027 52027 0 0 0 0
1 0 29298 0 74747774 0 234384 0 24217 24217 0 0 0 0
6 0 29083 0 67950944 0 232664 0 20334 20334 0 0 0 0
7 0 29596 0 134199108 0 236768 0 22007 22007 0 0 0 0
4 0 29335 0 212966854 0 234680 0 28720 28720 0 0 0 0
5 0 29366 0 62145984 0 234928 0 19902 19902 0 0 0 0
14 0 30037 0 235225782 0 240296 0 28663 28663 0 0 0 0
13 0 29549 0 234036277 0 236392 0 28299 28299 0 0 0 0
8 0 29066 0 191103308 0 232528 0 25726 25726 0 0 0 0
15 0 29421 0 216609461 0 235368 0 27085 27085 0 0 0 0
:
:vdbench503_vdbench_data_for_swat303
:date 12212024-13:41:22.000 12212024-13:41:23.000
10 0 30669 0 156716258 0 245352 0 26552 26552 0 0 0 0
9 0 30573 0 114757472 0 244584 0 25577 25577 0 0 0 0
12 0 31859 0 220275926 0 254872 0 26988 26988 0 0 0 0
11 0 30505 0 141186220 0 244040 0 27055 27055 0 0 0 0
2 0 29423 0 210227198 0 235384 0 33995 33995 0 0 0 0
3 0 29240 0 79627156 0 233920 0 24148 24148 0 0 0 0
0 0 32348 0 255389836 0 258784 0 57986 57986 0 0 0 0
1 0 29110 0 83150597 0 232880 0 31521 31521 0 0 0 0
6 0 30987 0 58147474 0 247896 0 22462 22462 0 0 0 0
7 0 30891 0 126669382 0 247128 0 24181 24181 0 0 0 0
4 0 29634 0 216112339 0 237072 0 31275 31275 0 0 0 0
5 0 29460 0 72648188 0 235680 0 27341 27341 0 0 0 0
14 0 30264 0 244827685 0 242112 0 31711 31711 0 0 0 0
13 0 30791 0 241436246 0 246328 0 30416 30416 0 0 0 0
8 0 31043 0 197601186 0 248344 0 28894 28894 0 0 0 0
15 0 30616 0 224729200 0 244928 0 33021 33021 0 0 0 0
:
:vdbench503_vdbench_data_for_swat303
:date 12212024-13:41:23.000 12212024-13:41:24.000
10 0 28100 0 149718636 0 224800 0 34851 34851 0 0 0 0
9 0 28105 0 92773435 0 224840 0 36530 36530 0 0 0 0
12 0 27205 0 191849832 0 217640 0 25091 25091 0 0 0 0
11 0 28490 0 154090808 0 227920 0 35884 35884 0 0 0 0
2 0 29597 0 217388645 0 236776 0 36655 36655 0 0 0 0
3 0 29444 0 101478693 0 235552 0 41781 41781 0 0 0 0
0 0 31836 0 256099117 0 254688 0 57127 57127 0 0 0 0
1 0 29189 0 94331372 0 233512 0 33120 33120 0 0 0 0
6 0 27445 0 54916664 0 219560 0 29953 29953 0 0 0 0
7 0 27911 0 127850206 0 223288 0 32301 32301 0 0 0 0
4 0 29376 0 214398229 0 235008 0 36466 36466 0 0 0 0
5 0 29382 0 84825912 0 235056 0 29564 29564 0 0 0 0
14 0 28957 0 229449441 0 231656 0 35523 35523 0 0 0 0
13 0 27208 0 213608026 0 217664 0 36824 36824 0 0 0 0
8 0 28027 0 174902775 0 224216 0 38196 38196 0 0 0 0
15 0 28302 0 209228989 0 226416 0 37534 37534 0 0 0 0
:
:vdbench503_vdbench_data_for_swat303
:date 12212024-13:41:24.000 12212024-13:41:25.000
10 0 29536 0 118361506 0 236288 0 25340 25340 0 0 0 0
9 0 29275 0 69956558 0 234200 0 23085 23085 0 0 0 0
12 0 29751 0 208931521 0 238008 0 30896 30896 0 0 0 0
11 0 29170 0 132319810 0 233360 0 29045 29045 0 0 0 0
2 0 29278 0 202440409 0 234224 0 37840 37840 0 0 0 0
3 0 29322 0 87524117 0 234576 0 26452 26452 0 0 0 0
0 0 32527 0 255793608 0 260216 0 59997 59997 0 0 0 0
1 0 29115 0 87194602 0 232920 0 28846 28846 0 0 0 0
6 0 29556 0 64042067 0 236448 0 21146 21146 0 0 0 0
7 0 29332 0 91801517 0 234656 0 24829 24829 0 0 0 0
4 0 29233 0 210998017 0 233864 0 31310 31310 0 0 0 0
5 0 29338 0 74534958 0 234704 0 25820 25820 0 0 0 0
14 0 28991 0 232006608 0 231928 0 30689 30689 0 0 0 0
13 0 29711 0 230813731 0 237688 0 28351 28351 0 0 0 0
8 0 29436 0 176360494 0 235488 0 32974 32974 0 0 0 0
15 0 29099 0 208347659 0 232792 0 28180 28180 0 0 0 0
:
:vdbench503_vdbench_data_for_swat303
:date 12212024-13:41:25.000 12212024-13:41:26.000
10 0 29083 0 125344842 0 232664 0 34589 34589 0 0 0 0
9 0 29093 0 67231269 0 232744 0 36089 36089 0 0 0 0
12 0 28826 0 191521282 0 230608 0 34693 34693 0 0 0 0
11 0 29072 0 162567011 0 232576 0 37183 37183 0 0 0 0
2 0 29643 0 207915406 0 237144 0 40784 40784 0 0 0 0
3 0 29050 0 53716781 0 232400 0 32568 32568 0 0 0 0
0 0 32356 0 255948603 0 258848 0 63268 63268 0 0 0 0
1 0 29152 0 87686436 0 233216 0 43821 43821 0 0 0 0
6 0 30289 0 75074296 0 242312 0 24965 24965 0 0 0 0
7 0 29228 0 95733266 0 233824 0 32687 32687 0 0 0 0
4 0 29431 0 212805809 0 235448 0 40254 40254 0 0 0 0
5 0 29295 0 54119955 0 234360 0 34129 34129 0 0 0 0
14 0 29103 0 234764756 0 232824 0 39683 39683 0 0 0 0
13 0 30231 0 231333853 0 241848 0 28360 28360 0 0 0 0
8 0 29042 0 169814607 0 232336 0 37463 37463 0 0 0 0
15 0 29074 0 217088284 0 232592 0 38208 38208 0 0 0 0
:
:vdbench503_vdbench_data_for_swat303
:date 12212024-13:41:26.000 12212024-13:41:27.000
10 0 29281 0 149942746 0 234248 0 27928 27928 0 0 0 0
9 0 29689 0 70087836 0 237512 0 24024 24024 0 0 0 0
12 0 29363 0 206542151 0 234904 0 30308 30308 0 0 0 0
11 0 29287 0 132608259 0 234296 0 24196 24196 0 0 0 0
2 0 29381 0 212265468 0 235048 0 31059 31059 0 0 0 0
3 0 29459 0 59899872 0 235672 0 27673 27673 0 0 0 0
0 0 33447 0 255822387 0 267576 0 323320 323320 0 0 0 0
1 0 29401 0 55302018 0 235208 0 26286 26286 0 0 0 0
6 0 28498 0 87604587 0 227984 0 28284 28284 0 0 0 0
7 0 29427 0 113817196 0 235416 0 26592 26592 0 0 0 0
4 0 29385 0 211307643 0 235080 0 32456 32456 0 0 0 0
5 0 29415 0 43600968 0 235320 0 24551 24551 0 0 0 0
14 0 29380 0 240496220 0 235040 0 32611 32611 0 0 0 0
13 0 27978 0 222333299 0 223824 0 34531 34531 0 0 0 0
8 0 29479 0 150499829 0 235832 0 26984 26984 0 0 0 0
15 0 29924 0 224397429 0 239392 0 28511 28511 0 0 0 0
:
:vdbench503_vdbench_data_for_swat303
:date 12212024-13:41:27.000 12212024-13:41:28.000
10 0 39945 0 228638704 0 319560 0 25032 25032 0 0 0 0
9 0 39667 0 99263731 0 317336 0 19468 19468 0 0 0 0
12 0 39785 0 272298438 0 318280 0 29192 29192 0 0 0 0
11 0 39859 0 201226705 0 318872 0 22403 22403 0 0 0 0
2 0 29190 0 206925393 0 233520 0 30742 30742 0 0 0 0
3 0 29176 0 65096296 0 233408 0 34837 34837 0 0 0 0
0 0 33616 0 255891921 0 268928 0 52705 52705 0 0 0 0
1 0 29471 0 58477465 0 235768 0 22809 22809 0 0 0 0
6 0 40495 0 86298842 0 323960 0 20387 20387 0 0 0 0
7 0 39714 0 158446501 0 317712 0 27441 27441 0 0 0 0
4 0 29512 0 222954057 0 236096 0 30347 30347 0 0 0 0
5 0 29191 0 57292133 0 233528 0 23661 23661 0 0 0 0
14 0 39296 0 316889737 0 314368 0 29146 29146 0 0 0 0
13 0 40707 0 317243609 0 325656 0 29921 29921 0 0 0 0
8 0 39757 0 211404100 0 318056 0 22992 22992 0 0 0 0
15 0 39187 0 288368195 0 313496 0 27344 27344 0 0 0 0
:
:vdbench503_vdbench_data_for_swat303
:date 12212024-13:41:28.000 12212024-13:41:29.000
10 0 21218 0 104813340 0 169744 0 40228 40228 0 0 0 0
9 0 21151 0 44152035 0 169208 0 29207 29207 0 0 0 0
12 0 22490 0 167140600 0 179920 0 42638 42638 0 0 0 0
11 0 21411 0 112192232 0 171288 0 41765 41765 0 0 0 0
2 0 29509 0 207577335 0 236072 0 41506 41506 0 0 0 0
3 0 29439 0 79399765 0 235512 0 34417 34417 0 0 0 0
0 0 32891 0 255689629 0 263128 0 358324 358324 0 0 0 0
1 0 29482 0 116885259 0 235856 0 46515 46515 0 0 0 0
6 0 22165 0 67875429 0 177320 0 32721 32721 0 0 0 0
7 0 20980 0 70310682 0 167840 0 34227 34227 0 0 0 0
4 0 29519 0 198136468 0 236152 0 36196 36196 0 0 0 0
5 0 29226 0 67872838 0 233808 0 55809 55809 0 0 0 0
14 0 22115 0 173033943 0 176920 0 34262 34262 0 0 0 0
13 0 22555 0 173972119 0 180440 0 30708 30708 0 0 0 0
8 0 21324 0 105808901 0 170592 0 35653 35653 0 0 0 0
15 0 22646 0 162906538 0 181168 0 40438 40438 0 0 0 0
:
:vdbench503_vdbench_data_for_swat303
:date 12212024-13:41:29.000 12212024-13:41:30.000
10 0 27457 0 210000275 0 219656 0 129760 129760 0 0 0 0
9 0 27635 0 139442661 0 221080 0 102683 102683 0 0 0 0
12 0 27399 0 195244647 0 219192 0 42518 42518 0 0 0 0
11 0 27578 0 180980512 0 220624 0 42769 42769 0 0 0 0
2 0 29246 0 233611578 0 233968 0 77137 77137 0 0 0 0
3 0 29095 0 157617553 0 232760 0 105236 105236 0 0 0 0
0 0 27805 0 255985161 0 222440 0 125120 125120 0 0 0 0
1 0 29529 0 138386877 0 236232 0 77652 77652 0 0 0 0
6 0 27545 0 103982901 0 220360 0 64089 64089 0 0 0 0
7 0 27562 0 162306358 0 220496 0 73493 73493 0 0 0 0
4 0 29389 0 249968383 0 235112 0 77211 77211 0 0 0 0
5 0 29139 0 118968450 0 233112 0 59557 59557 0 0 0 0
14 0 27554 0 208935454 0 220432 0 34672 34672 0 0 0 0
13 0 26606 0 200865071 0 212848 0 54024 54024 0 0 0 0
8 0 27213 0 177594737 0 217704 0 55504 55504 0 0 0 0
15 0 27250 0 204382740 0 218000 0 88002 88002 0 0 0 0
:
:vdbench503_vdbench_data_for_swat303
:date 12212024-13:41:30.000 12212024-13:41:31.000
10 0 29244 0 155338132 0 233952 0 38743 38743 0 0 0 0
9 0 29460 0 87726798 0 235680 0 38215 38215 0 0 0 0
12 0 28542 0 198932036 0 228336 0 31979 31979 0 0 0 0
11 0 28968 0 165537143 0 231744 0 42723 42723 0 0 0 0
2 0 29837 0 160326861 0 238696 0 47152 47152 0 0 0 0
3 0 29527 0 83275884 0 236216 0 39594 39594 0 0 0 0
0 0 36569 0 256027992 0 292552 0 70244 70244 0 0 0 0
1 0 29258 0 72942880 0 234064 0 38928 38928 0 0 0 0
6 0 27986 0 78144116 0 223888 0 43058 43058 0 0 0 0
7 0 29031 0 132055525 0 232248 0 39647 39647 0 0 0 0
4 0 29733 0 135288266 0 237864 0 28043 28043 0 0 0 0
5 0 29499 0 73300611 0 235992 0 45044 45044 0 0 0 0
14 0 29274 0 219003336 0 234192 0 45249 45249 0 0 0 0
13 0 29078 0 229813479 0 232624 0 50378 50378 0 0 0 0
8 0 29093 0 165348070 0 232744 0 47661 47661 0 0 0 0
15 0 28202 0 207662595 0 225616 0 47955 47955 0 0 0 0
:
:vdbench503_vdbench_data_for_swat303
:date 12212024-13:41:31.000 12212024-13:41:32.000
10 0 28927 0 143616463 0 231416 0 34535 34535 0 0 0 0
9 0 29141 0 72062379 0 233128 0 28284 28284 0 0 0 0
12 0 29410 0 204745735 0 235280 0 32116 32116 0 0 0 0
11 0 28898 0 172916875 0 231184 0 31401 31401 0 0 0 0
2 0 29377 0 224560277 0 235016 0 32663 32663 0 0 0 0
3 0 29230 0 130538110 0 233840 0 28490 28490 0 0 0 0
0 0 31771 0 255975601 0 254168 0 59567 59567 0 0 0 0
1 0 29523 0 133643037 0 236184 0 32126 32126 0 0 0 0
6 0 29658 0 116864731 0 237264 0 19744 19744 0 0 0 0
7 0 29010 0 106706934 0 232080 0 28840 28840 0 0 0 0
4 0 29128 0 210648045 0 233024 0 31610 31610 0 0 0 0
5 0 29682 0 123737827 0 237456 0 27895 27895 0 0 0 0
14 0 29136 0 218672802 0 233088 0 33591 33591 0 0 0 0
13 0 29305 0 228340450 0 234440 0 33844 33844 0 0 0 0
8 0 29187 0 176267320 0 233496 0 32529 32529 0 0 0 0
15 0 29075 0 207383651 0 232600 0 34006 34006 0 0 0 0
:
:vdbench503_vdbench_data_for_swat303
:date 12212024-13:41:32.000 12212024-13:41:33.000
10 0 33002 0 140149276 0 264016 0 28491 28491 0 0 0 0
9 0 33129 0 82868690 0 265032 0 22458 22458 0 0 0 0
12 0 32791 0 223450254 0 262328 0 28608 28608 0 0 0 0
11 0 33179 0 189581141 0 265432 0 29579 29579 0 0 0 0
2 0 32410 0 201562070 0 259280 0 29062 29062 0 0 0 0
3 0 32281 0 55371424 0 258248 0 22428 22428 0 0 0 0
0 0 33644 0 260306696 0 269152 0 52886 52886 0 0 0 0
1 0 31952 0 57331151 0 255616 0 24935 24935 0 0 0 0
6 0 31111 0 78131156 0 248888 0 20946 20946 0 0 0 0
7 0 30295 0 112395328 0 242360 0 26117 26117 0 0 0 0
4 0 32289 0 208300303 0 258312 0 29889 29889 0 0 0 0
5 0 32017 0 51422785 0 256136 0 26623 26623 0 0 0 0
14 0 31413 0 245695455 0 251304 0 31249 31249 0 0 0 0
13 0 31641 0 241763984 0 253128 0 32300 32300 0 0 0 0
8 0 31406 0 183473744 0 251248 0 32622 32622 0 0 0 0
15 0 33065 0 231983161 0 264520 0 30281 30281 0 0 0 0
:
:vdbench503_vdbench_data_for_swat303
:date 12212024-13:41:33.000 12212024-13:41:34.000
10 0 25851 0 126227983 0 206808 0 27403 27403 0 0 0 0
9 0 26168 0 61782441 0 209344 0 26809 26809 0 0 0 0
12 0 25806 0 176238677 0 206448 0 32000 32000 0 0 0 0
11 0 25660 0 130254655 0 205280 0 27735 27735 0 0 0 0
2 0 26842 0 158767256 0 214736 0 29301 29301 0 0 0 0
3 0 26524 0 59701702 0 212192 0 33556 33556 0 0 0 0
0 0 34537 0 251557755 0 276296 0 59882 59882 0 0 0 0
1 0 26625 0 63694137 0 213000 0 30685 30685 0 0 0 0
6 0 26304 0 57946675 0 210432 0 25353 25353 0 0 0 0
7 0 27245 0 86596212 0 217960 0 24901 24901 0 0 0 0
4 0 26496 0 134847327 0 211968 0 31098 31098 0 0 0 0
5 0 26773 0 61298506 0 214184 0 32774 32774 0 0 0 0
14 0 26207 0 191351124 0 209656 0 28972 28972 0 0 0 0
13 0 25941 0 199676912 0 207528 0 33753 33753 0 0 0 0
8 0 27918 0 133454579 0 223344 0 23603 23603 0 0 0 0
15 0 24997 0 176600411 0 199976 0 30254 30254 0 0 0 0
:
:vdbench503_vdbench_data_for_swat303
:date 12212024-13:41:34.000 12212024-13:41:35.000
10 0 28935 0 144223147 0 231480 0 30314 30314 0 0 0 0
9 0 28634 0 47669552 0 229072 0 28386 28386 0 0 0 0
12 0 29265 0 205123997 0 234120 0 28472 28472 0 0 0 0
11 0 29060 0 119618350 0 232480 0 32238 32238 0 0 0 0
2 0 29437 0 162122056 0 235496 0 33437 33437 0 0 0 0
3 0 29635 0 50704270 0 237080 0 26430 26430 0 0 0 0
0 0 37378 0 256120972 0 299024 0 62337 62337 0 0 0 0
1 0 29592 0 46898455 0 236736 0 26837 26837 0 0 0 0
6 0 29912 0 83974935 0 239296 0 24096 24096 0 0 0 0
7 0 30488 0 119918065 0 243904 0 18298 18298 0 0 0 0
4 0 29434 0 141001706 0 235472 0 22125 22125 0 0 0 0
5 0 29332 0 45448758 0 234656 0 24404 24404 0 0 0 0
14 0 30295 0 224399932 0 242360 0 22670 22670 0 0 0 0
13 0 29194 0 226211847 0 233552 0 28297 28297 0 0 0 0
8 0 28724 0 174738128 0 229792 0 28184 28184 0 0 0 0
15 0 29160 0 203188614 0 233280 0 31432 31432 0 0 0 0
:
:vdbench503_vdbench_data_for_swat303
:date 12212024-13:41:35.000 12212024-13:41:36.000
10 0 29502 0 127438610 0 236016 0 22265 22265 0 0 0 0
9 0 29217 0 91517480 0 233736 0 21863 21863 0 0 0 0
12 0 29188 0 200428297 0 233504 0 22640 22640 0 0 0 0
11 0 29284 0 146268114 0 234272 0 20368 20368 0 0 0 0
2 0 29193 0 167479691 0 233544 0 24617 24617 0 0 0 0
3 0 29341 0 49814233 0 234728 0 20331 20331 0 0 0 0
0 0 35054 0 255206087 0 280432 0 50833 50833 0 0 0 0
1 0 29076 0 51140124 0 232608 0 23936 23936 0 0 0 0
6 0 30241 0 79522073 0 241928 0 17226 17226 0 0 0 0
7 0 29335 0 86938698 0 234680 0 23851 23851 0 0 0 0
4 0 29121 0 158343903 0 232968 0 22487 22487 0 0 0 0
5 0 29609 0 49873117 0 236872 0 20460 20460 0 0 0 0
14 0 29612 0 213646367 0 236896 0 26131 26131 0 0 0 0
13 0 30543 0 238793066 0 244344 0 22712 22712 0 0 0 0
8 0 29135 0 132784182 0 233080 0 24222 24222 0 0 0 0
15 0 29501 0 207667869 0 236008 0 26430 26430 0 0 0 0
:
:vdbench503_vdbench_data_for_swat303
:date 12212024-13:41:36.000 12212024-13:41:37.000
10 0 29437 0 129738116 0 235496 0 23580 23580 0 0 0 0
9 0 29152 0 118994110 0 233216 0 23831 23831 0 0 0 0
12 0 29294 0 198650275 0 234352 0 25926 25926 0 0 0 0
11 0 29356 0 147649816 0 234848 0 30498 30498 0 0 0 0
2 0 29448 0 104442244 0 235584 0 30296 30296 0 0 0 0
3 0 29379 0 59540815 0 235032 0 23980 23980 0 0 0 0
0 0 40587 0 257148735 0 324696 0 53817 53817 0 0 0 0
1 0 29493 0 49843489 0 235944 0 27800 27800 0 0 0 0
6 0 28453 0 111112197 0 227624 0 20388 20388 0 0 0 0
7 0 28943 0 125486396 0 231544 0 28213 28213 0 0 0 0
4 0 29646 0 88107623 0 237168 0 29758 29758 0 0 0 0
5 0 29393 0 48524130 0 235144 0 28109 28109 0 0 0 0
14 0 29056 0 225603484 0 232448 0 24856 24856 0 0 0 0
13 0 27721 0 215701932 0 221768 0 28055 28055 0 0 0 0
8 0 29038 0 143062794 0 232304 0 22685 22685 0 0 0 0
15 0 29232 0 202044733 0 233856 0 26507 26507 0 0 0 0
:
:vdbench503_vdbench_data_for_swat303
:date 12212024-13:41:37.000 12212024-13:41:38.000
10 0 29481 0 158902451 0 235848 0 23466 23466 0 0 0 0
9 0 29623 0 158531142 0 236984 0 27619 27619 0 0 0 0
12 0 29383 0 196587166 0 235064 0 27261 27261 0 0 0 0
11 0 29320 0 166235964 0 234560 0 29432 29432 0 0 0 0
2 0 29067 0 46113509 0 232536 0 25606 25606 0 0 0 0
3 0 29389 0 48807229 0 235112 0 23443 23443 0 0 0 0
0 0 39741 0 255003344 0 317928 0 53064 53064 0 0 0 0
1 0 29051 0 40419762 0 232408 0 22630 22630 0 0 0 0
6 0 29557 0 79539424 0 236456 0 23125 23125 0 0 0 0
7 0 30158 0 132502451 0 241264 0 18748 18748 0 0 0 0
4 0 29287 0 42079118 0 234296 0 26236 26236 0 0 0 0
5 0 29398 0 40467619 0 235184 0 23845 23845 0 0 0 0
14 0 29003 0 211186185 0 232024 0 21875 21875 0 0 0 0
13 0 29240 0 223988649 0 233920 0 24851 24851 0 0 0 0
8 0 29386 0 176149670 0 235088 0 30422 30422 0 0 0 0
15 0 29487 0 220731863 0 235896 0 36272 36272 0 0 0 0
:
:vdbench503_vdbench_data_for_swat303
:date 12212024-13:41:38.000 12212024-13:41:39.000
10 0 29449 0 158755732 0 235592 0 29808 29808 0 0 0 0
9 0 29586 0 126073141 0 236688 0 30784 30784 0 0 0 0
12 0 29241 0 201310389 0 233928 0 31414 31414 0 0 0 0
11 0 29385 0 145843632 0 235080 0 31513 31513 0 0 0 0
2 0 29537 0 68362820 0 236296 0 28436 28436 0 0 0 0
3 0 29566 0 58347238 0 236528 0 29101 29101 0 0 0 0
0 0 44143 0 256064043 0 353144 0 58001 58001 0 0 0 0
1 0 29375 0 46032834 0 235000 0 27653 27653 0 0 0 0
6 0 29896 0 108048931 0 239168 0 26712 26712 0 0 0 0
7 0 29019 0 138392866 0 232152 0 34414 34414 0 0 0 0
4 0 29555 0 87141748 0 236440 0 31317 31317 0 0 0 0
5 0 29232 0 49616005 0 233856 0 28573 28573 0 0 0 0
14 0 29481 0 220384398 0 235848 0 21706 21706 0 0 0 0
13 0 29986 0 228894788 0 239888 0 29618 29618 0 0 0 0
8 0 29157 0 146933484 0 233256 0 33517 33517 0 0 0 0
15 0 28960 0 214204411 0 231680 0 32138 32138 0 0 0 0
:
:vdbench503_vdbench_data_for_swat303
:date 12212024-13:41:39.000 12212024-13:41:40.000
10 0 30984 0 156797620 0 247872 0 21982 21982 0 0 0 0
9 0 30971 0 142610864 0 247768 0 27463 27463 0 0 0 0
12 0 30819 0 208693861 0 246552 0 26397 26397 0 0 0 0
11 0 30894 0 158481125 0 247152 0 22653 22653 0 0 0 0
2 0 29600 0 181038874 0 236800 0 33723 33723 0 0 0 0
3 0 29481 0 75592272 0 235848 0 24694 24694 0 0 0 0
0 0 34613 0 256321252 0 276904 0 52157 52157 0 0 0 0
1 0 29028 0 75468965 0 232224 0 28898 28898 0 0 0 0
6 0 30687 0 143506621 0 245496 0 31763 31763 0 0 0 0
7 0 30899 0 174351833 0 247192 0 36775 36775 0 0 0 0
4 0 29215 0 183307781 0 233720 0 34012 34012 0 0 0 0
5 0 29712 0 68316330 0 237696 0 29904 29904 0 0 0 0
14 0 30981 0 222290241 0 247848 0 28385 28385 0 0 0 0
13 0 31147 0 236743953 0 249176 0 21689 21689 0 0 0 0
8 0 30883 0 144727807 0 247064 0 33980 33980 0 0 0 0
15 0 31084 0 230923851 0 248672 0 27517 27517 0 0 0 0
:
:vdbench503_vdbench_data_for_swat303
:date 12212024-13:41:40.000 12212024-13:41:41.000
10 0 28411 0 100383738 0 227288 0 17981 17981 0 0 0 0
9 0 28341 0 119423273 0 226728 0 39539 39539 0 0 0 0
12 0 28347 0 196282028 0 226776 0 39131 39131 0 0 0 0
11 0 28202 0 162082571 0 225616 0 26125 26125 0 0 0 0
2 0 29145 0 127234842 0 233160 0 40865 40865 0 0 0 0
3 0 29003 0 43440039 0 232024 0 28226 28226 0 0 0 0
0 0 37292 0 255208563 0 298336 0 55361 55361 0 0 0 0
1 0 29200 0 48842486 0 233600 0 24236 24236 0 0 0 0
6 0 27513 0 68173004 0 220104 0 22254 22254 0 0 0 0
7 0 28311 0 109122829 0 226488 0 30090 30090 0 0 0 0
4 0 29286 0 133197101 0 234288 0 41464 41464 0 0 0 0
5 0 29428 0 50841480 0 235424 0 37947 37947 0 0 0 0
14 0 28562 0 212182934 0 228496 0 33618 33618 0 0 0 0
13 0 27552 0 218501239 0 220416 0 34478 34478 0 0 0 0
8 0 28517 0 141971033 0 228136 0 27170 27170 0 0 0 0
15 0 28296 0 211406659 0 226368 0 32002 32002 0 0 0 0
:
:vdbench503_vdbench_data_for_swat303
:date 12212024-13:41:41.000 12212024-13:41:42.000
10 0 28825 0 121004899 0 230600 0 30108 30108 0 0 0 0
9 0 28988 0 124125306 0 231904 0 36330 36330 0 0 0 0
12 0 29024 0 184940109 0 232192 0 48437 48437 0 0 0 0
11 0 29251 0 174505160 0 234008 0 41399 41399 0 0 0 0
2 0 29168 0 164026332 0 233344 0 54027 54027 0 0 0 0
3 0 29361 0 64160246 0 234888 0 41768 41768 0 0 0 0
0 0 36873 0 256632734 0 294984 0 70016 70016 0 0 0 0
1 0 29238 0 72197168 0 233904 0 50767 50767 0 0 0 0
6 0 29588 0 75738027 0 236704 0 41987 41987 0 0 0 0
7 0 29172 0 104755102 0 233376 0 42631 42631 0 0 0 0
4 0 29426 0 155429450 0 235408 0 47603 47603 0 0 0 0
5 0 29433 0 58048437 0 235464 0 32301 32301 0 0 0 0
14 0 29195 0 207736252 0 233560 0 40922 40922 0 0 0 0
13 0 28501 0 212694942 0 228008 0 33625 33625 0 0 0 0
8 0 29008 0 142521180 0 232064 0 33753 33753 0 0 0 0
15 0 29030 0 212762574 0 232240 0 47291 47291 0 0 0 0
:
:vdbench503_vdbench_data_for_swat303
:date 12212024-13:41:42.000 12212024-13:41:43.000
10 0 29225 0 150223997 0 233800 0 34123 34123 0 0 0 0
9 0 29073 0 135887924 0 232584 0 29794 29794 0 0 0 0
12 0 28967 0 181719036 0 231736 0 28494 28494 0 0 0 0
11 0 29295 0 161788161 0 234360 0 35273 35273 0 0 0 0
2 0 29570 0 136884946 0 236560 0 26399 26399 0 0 0 0
3 0 29729 0 52756495 0 237832 0 22530 22530 0 0 0 0
0 0 38186 0 255265748 0 305488 0 55426 55426 0 0 0 0
1 0 29264 0 55666393 0 234112 0 22480 22480 0 0 0 0
6 0 29861 0 67852103 0 238888 0 19899 19899 0 0 0 0
7 0 29767 0 147058423 0 238136 0 28739 28739 0 0 0 0
4 0 29539 0 133728763 0 236312 0 28885 28885 0 0 0 0
5 0 29611 0 54519885 0 236888 0 27613 27613 0 0 0 0
14 0 29195 0 207401438 0 233560 0 37480 37480 0 0 0 0
13 0 30506 0 222424159 0 244048 0 37140 37140 0 0 0 0
8 0 28794 0 146314270 0 230352 0 38796 38796 0 0 0 0
15 0 29175 0 212279351 0 233400 0 37724 37724 0 0 0 0
:
:vdbench503_vdbench_data_for_swat303
:date 12212024-13:41:43.000 12212024-13:41:44.000
10 0 29487 0 137532758 0 235896 0 21938 21938 0 0 0 0
9 0 29321 0 132757567 0 234568 0 22892 22892 0 0 0 0
12 0 29748 0 195983671 0 237984 0 26883 26883 0 0 0 0
11 0 29643 0 174118187 0 237144 0 25040 25040 0 0 0 0
2 0 29482 0 125930270 0 235856 0 23949 23949 0 0 0 0
3 0 29434 0 50961399 0 235472 0 27228 27228 0 0 0 0
0 0 40782 0 255764877 0 326256 0 52176 52176 0 0 0 0
1 0 28989 0 50931001 0 231912 0 24570 24570 0 0 0 0
6 0 28091 0 51689514 0 224728 0 19929 19929 0 0 0 0
7 0 29479 0 114610708 0 235832 0 20147 20147 0 0 0 0
4 0 29283 0 96826612 0 234264 0 28538 28538 0 0 0 0
5 0 29606 0 52409336 0 236848 0 27228 27228 0 0 0 0
14 0 29689 0 214990264 0 237512 0 29218 29218 0 0 0 0
13 0 28554 0 212491195 0 228432 0 27030 27030 0 0 0 0
8 0 29413 0 145635484 0 235304 0 28280 28280 0 0 0 0
15 0 29713 0 218149502 0 237704 0 26523 26523 0 0 0 0
:
:vdbench503_vdbench_data_for_swat303
:date 12212024-13:41:44.000 12212024-13:41:45.000
10 0 30687 0 149633123 0 245496 0 22120 22120 0 0 0 0
9 0 31042 0 133491138 0 248336 0 27273 27273 0 0 0 0
12 0 30854 0 204857661 0 246832 0 26962 26962 0 0 0 0
11 0 30594 0 173878896 0 244752 0 21135 21135 0 0 0 0
2 0 30819 0 123154722 0 246552 0 23366 23366 0 0 0 0
3 0 30574 0 42303983 0 244592 0 23561 23561 0 0 0 0
0 0 40133 0 261479949 0 321064 0 58493 58493 0 0 0 0
1 0 30940 0 54705948 0 247520 0 23878 23878 0 0 0 0
6 0 30636 0 59462706 0 245088 0 20356 20356 0 0 0 0
7 0 29622 0 147609601 0 236976 0 35753 35753 0 0 0 0
4 0 30788 0 128198456 0 246304 0 21382 21382 0 0 0 0
5 0 31017 0 47676408 0 248136 0 21806 21806 0 0 0 0
14 0 28858 0 209786033 0 230864 0 26996 26996 0 0 0 0
13 0 30335 0 226843175 0 242680 0 19185 19185 0 0 0 0
8 0 30718 0 147249015 0 245744 0 23971 23971 0 0 0 0
15 0 31009 0 226081093 0 248072 0 28137 28137 0 0 0 0
:
:vdbench503_vdbench_data_for_swat303
:date 12212024-13:41:45.000 12212024-13:41:46.000
10 0 27957 0 139392583 0 223656 0 39203 39203 0 0 0 0
9 0 28298 0 115399256 0 226384 0 38132 38132 0 0 0 0
12 0 28258 0 196027825 0 226064 0 42743 42743 0 0 0 0
11 0 28155 0 165756866 0 225240 0 39667 39667 0 0 0 0
2 0 27811 0 119915143 0 222488 0 39356 39356 0 0 0 0
3 0 27791 0 65333115 0 222328 0 36161 36161 0 0 0 0
0 0 40243 0 250486969 0 321944 0 66246 66246 0 0 0 0
1 0 27894 0 78756638 0 223152 0 41108 41108 0 0 0 0
6 0 28820 0 93575143 0 230560 0 37445 37445 0 0 0 0
7 0 29748 0 126204778 0 237984 0 35898 35898 0 0 0 0
4 0 27625 0 96517824 0 221000 0 38160 38160 0 0 0 0
5 0 27710 0 75162828 0 221680 0 36472 36472 0 0 0 0
14 0 30072 0 218456093 0 240576 0 43668 43668 0 0 0 0
13 0 28408 0 216888671 0 227264 0 44601 44601 0 0 0 0
8 0 28531 0 131297196 0 228248 0 39597 39597 0 0 0 0
15 0 28200 0 214992371 0 225600 0 43491 43491 0 0 0 0
:
:vdbench503_vdbench_data_for_swat303
:date 12212024-13:41:46.000 12212024-13:41:47.000
10 0 28565 0 132684831 0 228520 0 31365 31365 0 0 0 0
9 0 28915 0 130973988 0 231320 0 31666 31666 0 0 0 0
12 0 28831 0 197475836 0 230648 0 29882 29882 0 0 0 0
11 0 28841 0 144839632 0 230728 0 26545 26545 0 0 0 0
2 0 29153 0 142265594 0 233224 0 32841 32841 0 0 0 0
3 0 29329 0 44019207 0 234632 0 32638 32638 0 0 0 0
0 0 36255 0 255488920 0 290040 0 66420 66420 0 0 0 0
1 0 29498 0 52092459 0 235984 0 36305 36305 0 0 0 0
6 0 29392 0 78387911 0 235136 0 24570 24570 0 0 0 0
7 0 28810 0 125027757 0 230480 0 31404 31404 0 0 0 0
4 0 29017 0 147231911 0 232136 0 40347 40347 0 0 0 0
5 0 29514 0 47398454 0 236112 0 28965 28965 0 0 0 0
14 0 28755 0 216791318 0 230040 0 35305 35305 0 0 0 0
13 0 30204 0 226352222 0 241632 0 28427 28427 0 0 0 0
8 0 29119 0 158117227 0 232952 0 30209 30209 0 0 0 0
15 0 29010 0 214689845 0 232080 0 35478 35478 0 0 0 0
:
:vdbench503_vdbench_data_for_swat303
:date 12212024-13:41:47.000 12212024-13:41:48.000
10 0 29480 0 117820638 0 235840 0 23315 23315 0 0 0 0
9 0 29329 0 108507222 0 234632 0 20657 20657 0 0 0 0
12 0 29591 0 199582870 0 236728 0 28247 28247 0 0 0 0
11 0 29721 0 131018099 0 237768 0 24179 24179 0 0 0 0
2 0 29297 0 99513640 0 234376 0 31660 31660 0 0 0 0
3 0 29562 0 46794153 0 236496 0 22946 22946 0 0 0 0
0 0 43947 0 256361833 0 351576 0 52149 52149 0 0 0 0
1 0 29686 0 52788578 0 237488 0 22006 22006 0 0 0 0
6 0 29140 0 76973778 0 233120 0 18515 18515 0 0 0 0
7 0 29726 0 138451582 0 237808 0 29241 29241 0 0 0 0
4 0 29646 0 76004950 0 237168 0 26708 26708 0 0 0 0
5 0 29191 0 48029969 0 233528 0 23215 23215 0 0 0 0
14 0 29603 0 215456032 0 236824 0 25738 25738 0 0 0 0
13 0 28754 0 217689810 0 230032 0 25036 25036 0 0 0 0
8 0 29767 0 177952846 0 238136 0 24917 24917 0 0 0 0
15 0 29596 0 218921136 0 236768 0 28323 28323 0 0 0 0
:
:vdbench503_vdbench_data_for_swat303
:date 12212024-13:41:48.000 12212024-13:41:49.000
10 0 29671 0 142016684 0 237368 0 26020 26020 0 0 0 0
9 0 29568 0 133689684 0 236544 0 26099 26099 0 0 0 0
12 0 29380 0 201085332 0 235040 0 24733 24733 0 0 0 0
11 0 29524 0 139384760 0 236192 0 27423 27423 0 0 0 0
2 0 29637 0 138385443 0 237096 0 26604 26604 0 0 0 0
3 0 29120 0 43163960 0 232960 0 25239 25239 0 0 0 0
0 0 39447 0 255903483 0 315576 0 54969 54969 0 0 0 0
1 0 29522 0 52372633 0 236176 0 29656 29656 0 0 0 0
6 0 29061 0 82258783 0 232488 0 18399 18399 0 0 0 0
7 0 29461 0 151376709 0 235688 0 25874 25874 0 0 0 0
4 0 29571 0 128531237 0 236568 0 26113 26113 0 0 0 0
5 0 29411 0 45735744 0 235288 0 24891 24891 0 0 0 0
14 0 29216 0 215301580 0 233728 0 31197 31197 0 0 0 0
13 0 28784 0 221770068 0 230272 0 23766 23766 0 0 0 0
8 0 29492 0 168183087 0 235936 0 25669 25669 0 0 0 0
15 0 29765 0 219780585 0 238120 0 28823 28823 0 0 0 0
:
:vdbench503_vdbench_data_for_swat303
:date 12212024-13:41:49.000 12212024-13:41:50.000
10 0 29329 0 139169690 0 234632 0 27671 27671 0 0 0 0
9 0 29216 0 121455655 0 233728 0 31196 31196 0 0 0 0
12 0 29013 0 192582530 0 232104 0 31728 31728 0 0 0 0
11 0 29405 0 141229126 0 235240 0 29704 29704 0 0 0 0
2 0 29208 0 106317649 0 233664 0 32687 32687 0 0 0 0
3 0 29583 0 52297654 0 236664 0 30185 30185 0 0 0 0
0 0 41217 0 256455692 0 329736 0 60901 60901 0 0 0 0
1 0 29204 0 54457544 0 233632 0 30169 30169 0 0 0 0
6 0 29630 0 70897246 0 237040 0 24993 24993 0 0 0 0
7 0 29096 0 135817604 0 232768 0 23418 23418 0 0 0 0
4 0 29868 0 105163531 0 238944 0 31111 31111 0 0 0 0
5 0 29407 0 53466391 0 235256 0 29213 29213 0 0 0 0
14 0 29293 0 214074959 0 234344 0 27131 27131 0 0 0 0
13 0 28944 0 221983285 0 231552 0 31368 31368 0 0 0 0
8 0 29507 0 174391520 0 236056 0 34581 34581 0 0 0 0
15 0 28998 0 213190965 0 231984 0 36234 36234 0 0 0 0
:
:vdbench503_vdbench_data_for_swat303
:date 12212024-13:41:50.000 12212024-13:41:51.000
10 0 29760 0 141425643 0 238080 0 29493 29493 0 0 0 0
9 0 29408 0 108578625 0 235264 0 17892 17892 0 0 0 0
12 0 29816 0 201420268 0 238528 0 30908 30908 0 0 0 0
11 0 29605 0 165301288 0 236840 0 30250 30250 0 0 0 0
2 0 29158 0 88297081 0 233264 0 22326 22326 0 0 0 0
3 0 29360 0 43436157 0 234880 0 20226 20226 0 0 0 0
0 0 44729 0 255088001 0 357832 0 53060 53060 0 0 0 0
1 0 29308 0 59397373 0 234464 0 32658 32658 0 0 0 0
6 0 29336 0 83212290 0 234688 0 18670 18670 0 0 0 0
7 0 29499 0 116877103 0 235992 0 22447 22447 0 0 0 0
4 0 29205 0 79212687 0 233640 0 30592 30592 0 0 0 0
5 0 29504 0 54547058 0 236032 0 20157 20157 0 0 0 0
14 0 29074 0 219905167 0 232592 0 26595 26595 0 0 0 0
13 0 29721 0 227185650 0 237768 0 32385 32385 0 0 0 0
8 0 29819 0 166569519 0 238552 0 23948 23948 0 0 0 0
15 0 29502 0 215380823 0 236016 0 28853 28853 0 0 0 0
:
:vdbench503_vdbench_data_for_swat303
:date 12212024-13:41:51.000 12212024-13:41:52.000
10 0 29022 0 122279805 0 232176 0 21310 21310 0 0 0 0
9 0 28902 0 132305163 0 231216 0 22436 22436 0 0 0 0
12 0 29017 0 200302755 0 232136 0 24461 24461 0 0 0 0
11 0 28889 0 145994733 0 231112 0 23969 23969 0 0 0 0
2 0 29364 0 79328986 0 234912 0 23461 23461 0 0 0 0
3 0 29384 0 41688478 0 235072 0 22725 22725 0 0 0 0
0 0 45108 0 255995857 0 360864 0 58037 58037 0 0 0 0
1 0 29148 0 43721152 0 233184 0 24478 24478 0 0 0 0
6 0 29450 0 55431000 0 235600 0 18858 18858 0 0 0 0
7 0 29671 0 76013653 0 237368 0 16748 16748 0 0 0 0
4 0 29404 0 67110948 0 235232 0 23567 23567 0 0 0 0
5 0 29414 0 41173997 0 235312 0 21186 21186 0 0 0 0
14 0 29424 0 213940554 0 235392 0 20799 20799 0 0 0 0
13 0 29237 0 220887217 0 233896 0 25378 25378 0 0 0 0
8 0 29212 0 169188525 0 233696 0 26427 26427 0 0 0 0
15 0 28819 0 211310192 0 230552 0 26965 26965 0 0 0 0
:
:vdbench503_vdbench_data_for_swat303
:date 12212024-13:41:52.000 12212024-13:41:53.000
10 0 29783 0 125512815 0 238264 0 24507 24507 0 0 0 0
9 0 29401 0 142674857 0 235208 0 25147 25147 0 0 0 0
12 0 29764 0 201693593 0 238112 0 25809 25809 0 0 0 0
11 0 29614 0 159011332 0 236912 0 24401 24401 0 0 0 0
2 0 29537 0 51702627 0 236296 0 23465 23465 0 0 0 0
3 0 29396 0 34703112 0 235168 0 20571 20571 0 0 0 0
0 0 46304 0 256064988 0 370432 0 50894 50894 0 0 0 0
1 0 29354 0 42277618 0 234832 0 21411 21411 0 0 0 0
6 0 29094 0 65386146 0 232752 0 17544 17544 0 0 0 0
7 0 29352 0 96670597 0 234816 0 19041 19041 0 0 0 0
4 0 29471 0 52304965 0 235768 0 23316 23316 0 0 0 0
5 0 29287 0 41257187 0 234296 0 21119 21119 0 0 0 0
14 0 29724 0 218449152 0 237792 0 23503 23503 0 0 0 0
13 0 29909 0 221750130 0 239272 0 26354 26354 0 0 0 0
8 0 29270 0 158843030 0 234160 0 24769 24769 0 0 0 0
15 0 29543 0 212858954 0 236344 0 28202 28202 0 0 0 0
:
:vdbench503_vdbench_data_for_swat303
:date 12212024-13:41:53.000 12212024-13:41:54.000
10 0 29488 0 140334147 0 235904 0 36711 36711 0 0 0 0
9 0 29303 0 127716234 0 234424 0 27518 27518 0 0 0 0
12 0 29284 0 196425278 0 234272 0 31280 31280 0 0 0 0
11 0 29372 0 137165875 0 234976 0 32314 32314 0 0 0 0
2 0 28993 0 102149078 0 231944 0 28763 28763 0 0 0 0
3 0 29259 0 43083285 0 234072 0 26212 26212 0 0 0 0
0 0 42317 0 255605138 0 338536 0 59227 59227 0 0 0 0
1 0 29596 0 47031734 0 236768 0 29869 29869 0 0 0 0
6 0 30969 0 71540320 0 247752 0 25595 25595 0 0 0 0
7 0 29237 0 103276913 0 233896 0 28821 28821 0 0 0 0
4 0 29227 0 100280158 0 233816 0 29222 29222 0 0 0 0
5 0 29662 0 43331410 0 237296 0 27837 27837 0 0 0 0
14 0 29742 0 215189221 0 237936 0 32394 32394 0 0 0 0
13 0 30641 0 230319976 0 245128 0 28539 28539 0 0 0 0
8 0 29255 0 155326384 0 234040 0 31767 31767 0 0 0 0
15 0 29703 0 214965994 0 237624 0 34926 34926 0 0 0 0
:
:vdbench503_vdbench_data_for_swat303
:date 12212024-13:41:54.000 12212024-13:41:55.000
10 0 29351 0 120554674 0 234808 0 32162 32162 0 0 0 0
9 0 29538 0 133350540 0 236304 0 30310 30310 0 0 0 0
12 0 29330 0 201112870 0 234640 0 35746 35746 0 0 0 0
11 0 29255 0 127025519 0 234040 0 30630 30630 0 0 0 0
2 0 29210 0 87250097 0 233680 0 33050 33050 0 0 0 0
3 0 29196 0 54384982 0 233568 0 31160 31160 0 0 0 0
0 0 42674 0 255892216 0 341392 0 59891 59891 0 0 0 0
1 0 29490 0 60376919 0 235920 0 33382 33382 0 0 0 0
6 0 27468 0 72256319 0 219744 0 28639 28639 0 0 0 0
7 0 28818 0 92625250 0 230544 0 29969 29969 0 0 0 0
4 0 29193 0 95272799 0 233544 0 32673 32673 0 0 0 0
5 0 29187 0 54981021 0 233496 0 29773 29773 0 0 0 0
14 0 28571 0 212309570 0 228568 0 36350 36350 0 0 0 0
13 0 27669 0 211991521 0 221352 0 31726 31726 0 0 0 0
8 0 29338 0 151638884 0 234704 0 32840 32840 0 0 0 0
15 0 29466 0 220953343 0 235728 0 37223 37223 0 0 0 0
:
:vdbench503_vdbench_data_for_swat303
:date 12212024-13:41:55.000 12212024-13:41:56.000
10 0 29798 0 119677734 0 238384 0 28786 28786 0 0 0 0
9 0 30031 0 98012422 0 240248 0 30002 30002 0 0 0 0
12 0 29943 0 201289705 0 239544 0 33253 33253 0 0 0 0
11 0 30133 0 141630934 0 241064 0 28066 28066 0 0 0 0
2 0 29219 0 93620940 0 233752 0 29673 29673 0 0 0 0
3 0 29554 0 54539447 0 236432 0 31427 31427 0 0 0 0
0 0 42823 0 256404663 0 342584 0 61618 61618 0 0 0 0
1 0 29358 0 55788958 0 234864 0 29677 29677 0 0 0 0
6 0 29574 0 69203915 0 236592 0 27141 27141 0 0 0 0
7 0 29372 0 108899379 0 234976 0 37346 37346 0 0 0 0
4 0 29782 0 104738154 0 238256 0 31380 31380 0 0 0 0
5 0 29157 0 55588216 0 233256 0 30516 30516 0 0 0 0
14 0 31325 0 222149200 0 250600 0 26815 26815 0 0 0 0
13 0 30318 0 223512006 0 242544 0 32139 32139 0 0 0 0
8 0 30291 0 183553844 0 242328 0 30333 30333 0 0 0 0
15 0 30529 0 216587733 0 244232 0 35770 35770 0 0 0 0
:
:vdbench503_vdbench_data_for_swat303
:date 12212024-13:41:56.000 12212024-13:41:57.000
10 0 28535 0 152673943 0 228280 0 23627 23627 0 0 0 0
9 0 28377 0 120927070 0 227016 0 57921 57921 0 0 0 0
12 0 28537 0 141258520 0 228296 0 65771 65771 0 0 0 0
11 0 28563 0 163235413 0 228504 0 116264 116264 0 0 0 0
2 0 29127 0 164933508 0 233016 0 89856 89856 0 0 0 0
3 0 29330 0 53684754 0 234640 0 50326 50326 0 0 0 0
0 0 37314 0 255751522 0 298512 0 83856 83856 0 0 0 0
1 0 29332 0 59326569 0 234656 0 43387 43387 0 0 0 0
6 0 29680 0 144209572 0 237440 0 90075 90075 0 0 0 0
7 0 29746 0 154108150 0 237968 0 51734 51734 0 0 0 0
4 0 29334 0 159125703 0 234672 0 88323 88323 0 0 0 0
5 0 29054 0 78630760 0 232432 0 91639 91639 0 0 0 0
14 0 29280 0 191355448 0 234240 0 107097 107097 0 0 0 0
13 0 29492 0 206313373 0 235936 0 116228 116228 0 0 0 0
8 0 28348 0 185142866 0 226784 0 104665 104665 0 0 0 0
15 0 28977 0 157605836 0 231816 0 57408 57408 0 0 0 0
:
:vdbench503_vdbench_data_for_swat303
:date 12212024-13:41:57.000 12212024-13:41:58.000
10 0 29341 0 191526037 0 234728 0 28645 28645 0 0 0 0
9 0 29210 0 71445340 0 233680 0 21910 21910 0 0 0 0
12 0 29143 0 203494940 0 233144 0 45198 45198 0 0 0 0
11 0 29448 0 150320974 0 235584 0 23402 23402 0 0 0 0
2 0 29461 0 116274552 0 235688 0 26678 26678 0 0 0 0
3 0 29261 0 31766573 0 234088 0 25824 25824 0 0 0 0
0 0 41358 0 256392087 0 330864 0 56276 56276 0 0 0 0
1 0 29150 0 56186585 0 233200 0 60266 60266 0 0 0 0
6 0 28839 0 150923884 0 230712 0 20824 20824 0 0 0 0
7 0 29578 0 177613416 0 236624 0 31105 31105 0 0 0 0
4 0 29220 0 90110955 0 233760 0 25538 25538 0 0 0 0
5 0 29145 0 31929311 0 233160 0 24215 24215 0 0 0 0
14 0 27294 0 206144060 0 218352 0 31876 31876 0 0 0 0
13 0 28061 0 214140242 0 224488 0 21417 21417 0 0 0 0
8 0 29391 0 172238060 0 235128 0 23682 23682 0 0 0 0
15 0 27917 0 202139049 0 223336 0 35908 35908 0 0 0 0
:
:vdbench503_vdbench_data_for_swat303
:date 12212024-13:41:58.000 12212024-13:41:59.000
10 0 30238 0 197030372 0 241904 0 26595 26595 0 0 0 0
9 0 30205 0 66461397 0 241640 0 21531 21531 0 0 0 0
12 0 30616 0 211935253 0 244928 0 35624 35624 0 0 0 0
11 0 30092 0 117827120 0 240736 0 25650 25650 0 0 0 0
2 0 29242 0 103154324 0 233936 0 25696 25696 0 0 0 0
3 0 29434 0 45664815 0 235472 0 29339 29339 0 0 0 0
0 0 43460 0 255540304 0 347680 0 51783 51783 0 0 0 0
1 0 28981 0 34945453 0 231848 0 23614 23614 0 0 0 0
6 0 29401 0 166554136 0 235208 0 53122 53122 0 0 0 0
7 0 30295 0 185407685 0 242360 0 37594 37594 0 0 0 0
4 0 29325 0 98216784 0 234600 0 22139 22139 0 0 0 0
5 0 29211 0 44814828 0 233688 0 29483 29483 0 0 0 0
14 0 31265 0 227759925 0 250120 0 25159 25159 0 0 0 0
13 0 31702 0 242465345 0 253616 0 25191 25191 0 0 0 0
8 0 29885 0 169655214 0 239080 0 34678 34678 0 0 0 0
15 0 30764 0 223936465 0 246112 0 33937 33937 0 0 0 0
:
:vdbench503_vdbench_data_for_swat303
:date 12212024-13:41:59.000 12212024-13:42:00.000
10 0 28305 0 190500350 0 226440 0 54585 54585 0 0 0 0
9 0 28470 0 78143234 0 227760 0 55908 55908 0 0 0 0
12 0 28244 0 51373255 0 225952 0 36045 36045 0 0 0 0
11 0 28476 0 128280994 0 227808 0 47792 47792 0 0 0 0
2 0 29525 0 139089069 0 236200 0 57398 57398 0 0 0 0
3 0 29603 0 66732686 0 236824 0 49155 49155 0 0 0 0
0 0 37502 0 255391080 0 300016 0 78900 78900 0 0 0 0
1 0 29722 0 66758906 0 237776 0 52457 52457 0 0 0 0
6 0 29832 0 175040090 0 238656 0 52716 52716 0 0 0 0
7 0 28220 0 174698841 0 225760 0 53455 53455 0 0 0 0
4 0 29328 0 128432631 0 234624 0 47941 47941 0 0 0 0
5 0 29356 0 61514354 0 234848 0 48612 48612 0 0 0 0
14 0 28996 0 55060734 0 231968 0 52449 52449 0 0 0 0
13 0 27841 0 67976959 0 222728 0 52812 52812 0 0 0 0
8 0 28411 0 156451537 0 227288 0 51049 51049 0 0 0 0
15 0 28948 0 50277935 0 231584 0 53395 53395 0 0 0 0
:
:vdbench503_vdbench_data_for_swat303
:date 12212024-13:42:00.000 12212024-13:42:01.000
10 0 29616 0 193124574 0 236928 0 23460 23460 0 0 0 0
9 0 29293 0 69368386 0 234344 0 20980 20980 0 0 0 0
12 0 29722 0 17743943 0 237776 0 13152 13152 0 0 0 0
11 0 29390 0 103281283 0 235120 0 19529 19529 0 0 0 0
2 0 29124 0 127404429 0 232992 0 23649 23649 0 0 0 0
3 0 29304 0 44491293 0 234432 0 23518 23518 0 0 0 0
0 0 41490 0 256141974 0 331920 0 50015 50015 0 0 0 0
1 0 29617 0 47819712 0 236936 0 23718 23718 0 0 0 0
6 0 29932 0 175895646 0 239456 0 22069 22069 0 0 0 0
7 0 29257 0 156231206 0 234056 0 25922 25922 0 0 0 0
4 0 29411 0 105666340 0 235288 0 25115 25115 0 0 0 0
5 0 29683 0 44224729 0 237464 0 21434 21434 0 0 0 0
14 0 29560 0 20817269 0 236480 0 14705 14705 0 0 0 0
13 0 29574 0 21762449 0 236592 0 12049 12049 0 0 0 0
8 0 29655 0 163945493 0 237240 0 20494 20494 0 0 0 0
15 0 29434 0 19705276 0 235472 0 14722 14722 0 0 0 0
:
:vdbench503_vdbench_data_for_swat303
:date 12212024-13:42:01.000 12212024-13:42:02.000
10 0 29696 0 190121598 0 237568 0 24658 24658 0 0 0 0
9 0 29495 0 62669500 0 235960 0 18056 18056 0 0 0 0
12 0 29738 0 20437026 0 237904 0 15382 15382 0 0 0 0
11 0 29650 0 117807049 0 237200 0 19595 19595 0 0 0 0
2 0 29279 0 87135738 0 234232 0 26670 26670 0 0 0 0
3 0 29167 0 45001400 0 233336 0 22067 22067 0 0 0 0
0 0 44761 0 256551882 0 358088 0 51424 51424 0 0 0 0
1 0 29347 0 48439590 0 234776 0 25281 25281 0 0 0 0
6 0 28703 0 173181262 0 229624 0 18430 18430 0 0 0 0
7 0 29281 0 176042186 0 234248 0 24159 24159 0 0 0 0
4 0 28898 0 73844215 0 231184 0 22830 22830 0 0 0 0
5 0 29521 0 49275706 0 236168 0 22392 22392 0 0 0 0
14 0 29827 0 24483858 0 238616 0 14488 14488 0 0 0 0
13 0 29035 0 18992268 0 232280 0 12657 12657 0 0 0 0
8 0 29525 0 167350933 0 236200 0 24511 24511 0 0 0 0
15 0 31891 0 20982647 0 255128 0 12387 12387 0 0 0 0
:
:vdbench503_vdbench_data_for_swat303
:date 12212024-13:42:02.000 12212024-13:42:03.000
10 0 29218 0 192727552 0 233744 0 28264 28264 0 0 0 0
9 0 29236 0 73370638 0 233888 0 28168 28168 0 0 0 0
12 0 28976 0 20507945 0 231808 0 18431 18431 0 0 0 0
11 0 29431 0 115868331 0 235448 0 29876 29876 0 0 0 0
2 0 29375 0 60318639 0 235000 0 29247 29247 0 0 0 0
3 0 29175 0 43158402 0 233400 0 26175 26175 0 0 0 0
0 0 46532 0 255837554 0 372256 0 57024 57024 0 0 0 0
1 0 29131 0 50689181 0 233048 0 28612 28612 0 0 0 0
6 0 29524 0 159211228 0 236192 0 29583 29583 0 0 0 0
7 0 28823 0 171202083 0 230584 0 28852 28852 0 0 0 0
4 0 29471 0 51163214 0 235768 0 27596 27596 0 0 0 0
5 0 29177 0 50731436 0 233416 0 31016 31016 0 0 0 0
14 0 27863 0 26746540 0 222904 0 14248 14248 0 0 0 0
13 0 28966 0 22305091 0 231728 0 19893 19893 0 0 0 0
8 0 29280 0 159961324 0 234240 0 31415 31415 0 0 0 0
15 0 27520 0 23568229 0 220160 0 23759 23759 0 0 0 0
:
:vdbench503_vdbench_data_for_swat303
:date 12212024-13:42:03.000 12212024-13:42:04.000
10 0 30044 0 193778318 0 240352 0 26323 26323 0 0 0 0
9 0 29793 0 54128010 0 238344 0 23902 23902 0 0 0 0
12 0 29665 0 19711932 0 237320 0 16567 16567 0 0 0 0
11 0 29888 0 109727234 0 239104 0 28103 28103 0 0 0 0
2 0 29687 0 89937593 0 237496 0 26775 26775 0 0 0 0
3 0 29337 0 41572321 0 234696 0 24825 24825 0 0 0 0
0 0 44338 0 254945360 0 354704 0 56462 56462 0 0 0 0
1 0 29436 0 34636311 0 235488 0 26547 26547 0 0 0 0
6 0 29216 0 135454986 0 233728 0 27322 27322 0 0 0 0
7 0 29623 0 183967075 0 236984 0 40088 40088 0 0 0 0
4 0 29642 0 93578855 0 237136 0 24743 24743 0 0 0 0
5 0 29246 0 41212285 0 233968 0 24835 24835 0 0 0 0
14 0 29602 0 20957434 0 236816 0 13937 13937 0 0 0 0
13 0 29607 0 21623698 0 236856 0 17815 17815 0 0 0 0
8 0 29678 0 129521516 0 237424 0 30176 30176 0 0 0 0
15 0 30161 0 17742427 0 241288 0 15574 15574 0 0 0 0
:
:vdbench503_vdbench_data_for_swat303
:date 12212024-13:42:04.000 12212024-13:42:05.000
10 0 30404 0 221922213 0 243232 0 95663 95663 0 0 0 0
9 0 30124 0 116023349 0 240992 0 88611 88611 0 0 0 0
12 0 30418 0 33809941 0 243344 0 48788 48788 0 0 0 0
11 0 30328 0 131088185 0 242624 0 33621 33621 0 0 0 0
2 0 29318 0 132998985 0 234544 0 65643 65643 0 0 0 0
3 0 29237 0 78049534 0 233896 0 42002 42002 0 0 0 0
0 0 34680 0 256690397 0 277440 0 68765 68765 0 0 0 0
1 0 29238 0 79422721 0 233904 0 57655 57655 0 0 0 0
6 0 31106 0 183293289 0 248848 0 57307 57307 0 0 0 0
7 0 31665 0 197208386 0 253320 0 43744 43744 0 0 0 0
4 0 29629 0 116317957 0 237032 0 68067 68067 0 0 0 0
5 0 29089 0 89336220 0 232712 0 58381 58381 0 0 0 0
14 0 30994 0 28273208 0 247952 0 27245 27245 0 0 0 0
13 0 29873 0 26412314 0 238984 0 26455 26455 0 0 0 0
8 0 30271 0 179818507 0 242168 0 52422 52422 0 0 0 0
15 0 30298 0 41069683 0 242384 0 62744 62744 0 0 0 0
:
:vdbench503_vdbench_data_for_swat303
:date 12212024-13:42:05.000 12212024-13:42:06.000
10 0 28339 0 177224659 0 226712 0 41808 41808 0 0 0 0
9 0 27864 0 57640236 0 222912 0 20980 20980 0 0 0 0
12 0 27789 0 155137120 0 222312 0 17915 17915 0 0 0 0
11 0 28230 0 140116820 0 225840 0 21870 21870 0 0 0 0
2 0 29353 0 64704912 0 234824 0 26964 26964 0 0 0 0
3 0 29230 0 56695419 0 233840 0 66820 66820 0 0 0 0
0 0 42147 0 255462606 0 337176 0 101478 101478 0 0 0 0
1 0 29202 0 43834081 0 233616 0 38953 38953 0 0 0 0
6 0 28002 0 152752416 0 224016 0 18358 18358 0 0 0 0
7 0 27122 0 154842123 0 216976 0 25115 25115 0 0 0 0
4 0 29477 0 83493909 0 235816 0 26468 26468 0 0 0 0
5 0 29402 0 28108500 0 235216 0 21837 21837 0 0 0 0
14 0 28502 0 178989962 0 228016 0 16652 16652 0 0 0 0
13 0 27659 0 174840437 0 221272 0 19506 19506 0 0 0 0
8 0 28104 0 161210045 0 224832 0 26801 26801 0 0 0 0
15 0 27187 0 164135440 0 217496 0 17842 17842 0 0 0 0
:
:vdbench503_vdbench_data_for_swat303
:date 12212024-13:42:06.000 12212024-13:42:07.000
10 0 29155 0 163692509 0 233240 0 44607 44607 0 0 0 0
9 0 29049 0 63220781 0 232392 0 20004 20004 0 0 0 0
12 0 29489 0 200533692 0 235912 0 23735 23735 0 0 0 0
11 0 29416 0 132933552 0 235328 0 23362 23362 0 0 0 0
2 0 29573 0 127136775 0 236584 0 25272 25272 0 0 0 0
3 0 29503 0 51410925 0 236024 0 22951 22951 0 0 0 0
0 0 36650 0 255871447 0 293200 0 56865 56865 0 0 0 0
1 0 29380 0 44470630 0 235040 0 32896 32896 0 0 0 0
6 0 29242 0 99114471 0 233936 0 23551 23551 0 0 0 0
7 0 29942 0 120562686 0 239536 0 16624 16624 0 0 0 0
4 0 29293 0 125382644 0 234344 0 27823 27823 0 0 0 0
5 0 29441 0 50735902 0 235528 0 21406 21406 0 0 0 0
14 0 28409 0 207337035 0 227272 0 20633 20633 0 0 0 0
13 0 29627 0 216531192 0 237016 0 26419 26419 0 0 0 0
8 0 29615 0 160357763 0 236920 0 25300 25300 0 0 0 0
15 0 28873 0 195356188 0 230984 0 25089 25089 0 0 0 0
:
:vdbench503_vdbench_data_for_swat303
:date 12212024-13:42:07.000 12212024-13:42:08.000
10 0 29410 0 164531389 0 235280 0 25959 25959 0 0 0 0
9 0 29029 0 57973990 0 232232 0 19766 19766 0 0 0 0
12 0 29759 0 200322145 0 238072 0 23805 23805 0 0 0 0
11 0 29457 0 137221448 0 235656 0 23798 23798 0 0 0 0
2 0 29433 0 84293323 0 235464 0 25578 25578 0 0 0 0
3 0 29478 0 52446256 0 235824 0 23201 23201 0 0 0 0
0 0 45099 0 255662629 0 360792 0 54070 54070 0 0 0 0
1 0 29341 0 54989069 0 234728 0 25521 25521 0 0 0 0
6 0 30457 0 89940441 0 243656 0 22407 22407 0 0 0 0
7 0 29690 0 110399805 0 237520 0 20950 20950 0 0 0 0
4 0 29487 0 75975433 0 235896 0 23871 23871 0 0 0 0
5 0 29465 0 49888106 0 235720 0 22348 22348 0 0 0 0
14 0 29798 0 219208147 0 238384 0 19543 19543 0 0 0 0
13 0 30375 0 221062507 0 243000 0 24481 24481 0 0 0 0
8 0 29762 0 172677902 0 238096 0 24209 24209 0 0 0 0
15 0 29193 0 204076406 0 233544 0 25953 25953 0 0 0 0
:
:vdbench503_vdbench_data_for_swat303
:date 12212024-13:42:08.000 12212024-13:42:09.000
10 0 29642 0 164258117 0 237136 0 22020 22020 0 0 0 0
9 0 29408 0 69584279 0 235264 0 20768 20768 0 0 0 0
12 0 29318 0 197619574 0 234544 0 22556 22556 0 0 0 0
11 0 29730 0 134336112 0 237840 0 19246 19246 0 0 0 0
2 0 29178 0 121104729 0 233424 0 26338 26338 0 0 0 0
3 0 29588 0 52076132 0 236704 0 28320 28320 0 0 0 0
0 0 41110 0 256001922 0 328880 0 52189 52189 0 0 0 0
1 0 29518 0 56579598 0 236144 0 26775 26775 0 0 0 0
6 0 30083 0 80468068 0 240664 0 14495 14495 0 0 0 0
7 0 29166 0 63586462 0 233328 0 18107 18107 0 0 0 0
4 0 29603 0 117511535 0 236824 0 24351 24351 0 0 0 0
5 0 29358 0 54373434 0 234864 0 23566 23566 0 0 0 0
14 0 31666 0 233414088 0 253328 0 25674 25674 0 0 0 0
13 0 31271 0 226922922 0 250168 0 25121 25121 0 0 0 0
8 0 29621 0 172239640 0 236968 0 21160 21160 0 0 0 0
15 0 31793 0 214953618 0 254344 0 22917 22917 0 0 0 0
:
:vdbench503_vdbench_data_for_swat303
:date 12212024-13:42:09.000 12212024-13:42:10.000
10 0 29686 0 133613944 0 237488 0 34103 34103 0 0 0 0
9 0 29386 0 72802128 0 235088 0 29989 29989 0 0 0 0
12 0 29577 0 193612949 0 236616 0 35877 35877 0 0 0 0
11 0 29681 0 124164307 0 237448 0 29125 29125 0 0 0 0
2 0 29213 0 139066305 0 233704 0 35570 35570 0 0 0 0
3 0 29412 0 52199331 0 235296 0 29820 29820 0 0 0 0
0 0 37410 0 255899699 0 299280 0 59991 59991 0 0 0 0
1 0 29082 0 59356342 0 232656 0 30674 30674 0 0 0 0
6 0 30182 0 73456245 0 241456 0 28395 28395 0 0 0 0
7 0 29348 0 61107765 0 234784 0 28676 28676 0 0 0 0
4 0 29550 0 127561200 0 236400 0 31381 31381 0 0 0 0
5 0 29170 0 62618646 0 233360 0 30297 30297 0 0 0 0
14 0 27921 0 213289389 0 223368 0 35966 35966 0 0 0 0
13 0 28020 0 207456031 0 224160 0 33708 33708 0 0 0 0
8 0 29428 0 159395256 0 235424 0 32748 32748 0 0 0 0
15 0 28011 0 185281601 0 224088 0 34170 34170 0 0 0 0
:
:vdbench503_vdbench_data_for_swat303
:date 12212024-13:42:10.000 12212024-13:42:11.000
10 0 29125 0 151296215 0 233000 0 32377 32377 0 0 0 0
9 0 29067 0 68777224 0 232536 0 30843 30843 0 0 0 0
12 0 29170 0 198395396 0 233360 0 34936 34936 0 0 0 0
11 0 29084 0 131645230 0 232672 0 30308 30308 0 0 0 0
2 0 29173 0 100493135 0 233384 0 37106 37106 0 0 0 0
3 0 29344 0 53711098 0 234752 0 30969 30969 0 0 0 0
0 0 42747 0 255986963 0 341976 0 64999 64999 0 0 0 0
1 0 29112 0 57522493 0 232896 0 32934 32934 0 0 0 0
6 0 27763 0 86230141 0 222104 0 30304 30304 0 0 0 0
7 0 29275 0 69413770 0 234200 0 30126 30126 0 0 0 0
4 0 29301 0 87306707 0 234408 0 31032 31032 0 0 0 0
5 0 29175 0 57713052 0 233400 0 31278 31278 0 0 0 0
14 0 29610 0 223441634 0 236880 0 36647 36647 0 0 0 0
13 0 28965 0 212461542 0 231720 0 36718 36718 0 0 0 0
8 0 29129 0 165283744 0 233032 0 37370 37370 0 0 0 0
15 0 29547 0 198204459 0 236376 0 35653 35653 0 0 0 0
:
:vdbench503_vdbench_data_for_swat303
:date 12212024-13:42:11.000 12212024-13:42:12.000
10 0 29480 0 115590796 0 235840 0 30518 30518 0 0 0 0
9 0 29776 0 71420383 0 238208 0 25595 25595 0 0 0 0
12 0 30287 0 208117571 0 242296 0 30163 30163 0 0 0 0
11 0 29653 0 123974115 0 237224 0 29681 29681 0 0 0 0
2 0 29057 0 128259732 0 232456 0 28393 28393 0 0 0 0
3 0 29431 0 68508710 0 235448 0 32159 32159 0 0 0 0
0 0 36871 0 256079603 0 294968 0 57835 57835 0 0 0 0
1 0 29225 0 75889032 0 233800 0 29396 29396 0 0 0 0
6 0 31110 0 71048405 0 248880 0 26400 26400 0 0 0 0
7 0 29591 0 62063963 0 236728 0 27929 27929 0 0 0 0
4 0 29059 0 118480105 0 232472 0 28825 28825 0 0 0 0
5 0 29547 0 73747015 0 236376 0 31079 31079 0 0 0 0
14 0 29298 0 217617420 0 234384 0 30824 30824 0 0 0 0
13 0 29883 0 216716894 0 239064 0 27611 27611 0 0 0 0
8 0 29375 0 139161676 0 235000 0 30294 30294 0 0 0 0
15 0 29414 0 198705452 0 235312 0 31150 31150 0 0 0 0
:
:vdbench503_vdbench_data_for_swat303
:date 12212024-13:42:12.000 12212024-13:42:13.000
10 0 29887 0 126961676 0 239096 0 33440 33440 0 0 0 0
9 0 29978 0 68198389 0 239824 0 33627 33627 0 0 0 0
12 0 29717 0 197518405 0 237736 0 30790 30790 0 0 0 0
11 0 29998 0 83678939 0 239984 0 34416 34416 0 0 0 0
2 0 29507 0 122970714 0 236056 0 41960 41960 0 0 0 0
3 0 29418 0 63253640 0 235344 0 41152 41152 0 0 0 0
0 0 38077 0 256426449 0 304616 0 63215 63215 0 0 0 0
1 0 29069 0 55610827 0 232552 0 37518 37518 0 0 0 0
6 0 28090 0 71609808 0 224720 0 30627 30627 0 0 0 0
7 0 30418 0 63163921 0 243344 0 35792 35792 0 0 0 0
4 0 29541 0 98169528 0 236328 0 43370 43370 0 0 0 0
5 0 29528 0 53028548 0 236224 0 40214 40214 0 0 0 0
14 0 30620 0 232677433 0 244960 0 38703 38703 0 0 0 0
13 0 29151 0 213353492 0 233208 0 40060 40060 0 0 0 0
8 0 30211 0 174804067 0 241688 0 38021 38021 0 0 0 0
15 0 29901 0 194794058 0 239208 0 39258 39258 0 0 0 0
:
:vdbench503_vdbench_data_for_swat303
:date 12212024-13:42:13.000 12212024-13:42:14.000
10 0 28548 0 136910126 0 228384 0 39542 39542 0 0 0 0
9 0 28313 0 63286957 0 226504 0 36739 36739 0 0 0 0
12 0 28446 0 187525733 0 227568 0 41814 41814 0 0 0 0
11 0 28640 0 105737491 0 229120 0 37524 37524 0 0 0 0
2 0 29413 0 104340102 0 235304 0 39865 39865 0 0 0 0
3 0 29174 0 57035257 0 233392 0 37530 37530 0 0 0 0
0 0 36014 0 255260921 0 288112 0 80000 80000 0 0 0 0
1 0 29425 0 63789920 0 235400 0 39007 39007 0 0 0 0
6 0 29167 0 57819654 0 233336 0 38049 38049 0 0 0 0
7 0 27690 0 58671195 0 221520 0 41539 41539 0 0 0 0
4 0 29648 0 95330242 0 237184 0 37976 37976 0 0 0 0
5 0 29310 0 59791057 0 234480 0 35690 35690 0 0 0 0
14 0 27227 0 209480154 0 217816 0 45548 45548 0 0 0 0
13 0 27733 0 201594981 0 221864 0 30898 30898 0 0 0 0
8 0 28740 0 163967476 0 229920 0 40500 40500 0 0 0 0
15 0 29085 0 198085537 0 232680 0 45373 45373 0 0 0 0
:
:vdbench503_vdbench_data_for_swat303
:date 12212024-13:42:14.000 12212024-13:42:15.000
10 0 28750 0 139820924 0 230000 0 24241 24241 0 0 0 0
9 0 28670 0 49082337 0 229360 0 18003 18003 0 0 0 0
12 0 29077 0 195113305 0 232616 0 24207 24207 0 0 0 0
11 0 29008 0 109173227 0 232064 0 20006 20006 0 0 0 0
2 0 29406 0 58892958 0 235248 0 23347 23347 0 0 0 0
3 0 29223 0 39383157 0 233784 0 21692 21692 0 0 0 0
0 0 34427 0 252074381 0 275416 0 53249 53249 0 0 0 0
1 0 29239 0 45857906 0 233912 0 22776 22776 0 0 0 0
6 0 29547 0 81618688 0 236376 0 18964 18964 0 0 0 0
7 0 29398 0 63001065 0 235184 0 17664 17664 0 0 0 0
4 0 29543 0 55340180 0 236344 0 22355 22355 0 0 0 0
5 0 29169 0 41710197 0 233352 0 21843 21843 0 0 0 0
14 0 30496 0 229026517 0 243968 0 19269 19269 0 0 0 0
13 0 29127 0 213797305 0 233016 0 23452 23452 0 0 0 0
8 0 29037 0 157368677 0 232296 0 21833 21833 0 0 0 0
15 0 29167 0 198562653 0 233336 0 25461 25461 0 0 0 0
:
:vdbench503_vdbench_data_for_swat303
:date 12212024-13:42:15.000 12212024-13:42:16.000
10 0 30379 0 119954135 0 243032 0 24542 24542 0 0 0 0
9 0 30445 0 66083287 0 243560 0 18047 18047 0 0 0 0
12 0 30368 0 198878610 0 242944 0 24248 24248 0 0 0 0
11 0 30507 0 104208942 0 244056 0 25099 25099 0 0 0 0
2 0 29704 0 66291366 0 237632 0 23418 23418 0 0 0 0
3 0 29398 0 42365971 0 235184 0 23693 23693 0 0 0 0
0 0 40357 0 248104136 0 322856 0 53586 53586 0 0 0 0
1 0 29342 0 47149696 0 234736 0 22350 22350 0 0 0 0
6 0 29357 0 53705337 0 234856 0 19324 19324 0 0 0 0
7 0 29771 0 72127003 0 238168 0 22685 22685 0 0 0 0
4 0 29167 0 60523752 0 233336 0 21577 21577 0 0 0 0
5 0 29328 0 43328571 0 234624 0 23360 23360 0 0 0 0
14 0 30651 0 225998255 0 245208 0 20630 20630 0 0 0 0
13 0 30533 0 219196844 0 244264 0 48690 48690 0 0 0 0
8 0 30617 0 164544682 0 244936 0 24853 24853 0 0 0 0
15 0 30222 0 201331030 0 241776 0 23814 23814 0 0 0 0
:
:vdbench503_vdbench_data_for_swat303
:date 12212024-13:42:16.000 12212024-13:42:17.000
10 0 28369 0 135609289 0 226952 0 49718 49718 0 0 0 0
9 0 28435 0 79967732 0 227480 0 49465 49465 0 0 0 0
12 0 28551 0 180156085 0 228408 0 52426 52426 0 0 0 0
11 0 28500 0 143330760 0 228000 0 47493 47493 0 0 0 0
2 0 29361 0 83779262 0 234888 0 52563 52563 0 0 0 0
3 0 29354 0 60179687 0 234832 0 50237 50237 0 0 0 0
0 0 30258 0 253666309 0 242064 0 95611 95611 0 0 0 0
1 0 29339 0 61650063 0 234712 0 48835 48835 0 0 0 0
6 0 28985 0 78049160 0 231880 0 49065 49065 0 0 0 0
7 0 29007 0 83925321 0 232056 0 34545 34545 0 0 0 0
4 0 29050 0 75866986 0 232400 0 52043 52043 0 0 0 0
5 0 29412 0 58249281 0 235296 0 50176 50176 0 0 0 0
14 0 27450 0 210296729 0 219600 0 59286 59286 0 0 0 0
13 0 27914 0 197622827 0 223312 0 49832 49832 0 0 0 0
8 0 28650 0 166558882 0 229200 0 47112 47112 0 0 0 0
15 0 28094 0 187688545 0 224752 0 51666 51666 0 0 0 0
:
:vdbench503_vdbench_data_for_swat303
:date 12212024-13:42:17.000 12212024-13:42:18.000
10 0 29484 0 149120588 0 235872 0 21690 21690 0 0 0 0
9 0 29586 0 60242186 0 236688 0 20188 20188 0 0 0 0
12 0 29727 0 195278988 0 237816 0 24612 24612 0 0 0 0
11 0 29694 0 121019584 0 237552 0 24060 24060 0 0 0 0
2 0 29481 0 48790710 0 235848 0 24082 24082 0 0 0 0
3 0 29521 0 37479142 0 236168 0 21913 21913 0 0 0 0
0 0 37201 0 230647053 0 297608 0 55260 55260 0 0 0 0
1 0 29656 0 42147336 0 237248 0 22239 22239 0 0 0 0
6 0 29287 0 76543011 0 234296 0 16704 16704 0 0 0 0
7 0 27901 0 84305336 0 223208 0 18832 18832 0 0 0 0
4 0 29446 0 38962619 0 235568 0 22455 22455 0 0 0 0
5 0 29130 0 40179114 0 233040 0 22693 22693 0 0 0 0
14 0 28881 0 216183102 0 231048 0 18288 18288 0 0 0 0
13 0 29621 0 213122965 0 236968 0 25636 25636 0 0 0 0
8 0 29639 0 153364143 0 237112 0 23310 23310 0 0 0 0
15 0 28474 0 190073712 0 227792 0 24648 24648 0 0 0 0
:
:vdbench503_vdbench_data_for_swat303
:date 12212024-13:42:18.000 12212024-13:42:19.000
10 0 29037 0 132791006 0 232296 0 19161 19161 0 0 0 0
9 0 29195 0 44582779 0 233560 0 18321 18321 0 0 0 0
12 0 29063 0 190688159 0 232504 0 26605 26605 0 0 0 0
11 0 28878 0 106298726 0 231024 0 17248 17248 0 0 0 0
2 0 29223 0 66462815 0 233784 0 24550 24550 0 0 0 0
3 0 29264 0 43176187 0 234112 0 29019 29019 0 0 0 0
0 0 32551 0 226428763 0 260408 0 64948 64948 0 0 0 0
1 0 29686 0 40072566 0 237488 0 21045 21045 0 0 0 0
6 0 29872 0 66717179 0 238976 0 22362 22362 0 0 0 0
7 0 31378 0 64592487 0 251024 0 17824 17824 0 0 0 0
4 0 29711 0 55223644 0 237688 0 22338 22338 0 0 0 0
5 0 29328 0 40615087 0 234624 0 20078 20078 0 0 0 0
14 0 32275 0 240806141 0 258200 0 23994 23994 0 0 0 0
13 0 31638 0 228385293 0 253104 0 23727 23727 0 0 0 0
8 0 28851 0 161240036 0 230808 0 20782 20782 0 0 0 0
15 0 31859 0 213656057 0 254872 0 19432 19432 0 0 0 0
:
:vdbench503_vdbench_data_for_swat303
:date 12212024-13:42:19.000 12212024-13:42:20.000
10 0 29821 0 137651044 0 238568 0 23253 23253 0 0 0 0
9 0 30208 0 53186656 0 241664 0 18019 18019 0 0 0 0
12 0 30172 0 198289409 0 241376 0 23309 23309 0 0 0 0
11 0 30258 0 149341794 0 242064 0 21371 21371 0 0 0 0
2 0 29248 0 90412534 0 233984 0 27974 27974 0 0 0 0
3 0 29352 0 44571230 0 234816 0 22380 22380 0 0 0 0
0 0 32821 0 226159444 0 262568 0 59156 59156 0 0 0 0
1 0 29323 0 42599890 0 234584 0 22081 22081 0 0 0 0
6 0 28734 0 62015641 0 229872 0 47853 47853 0 0 0 0
7 0 29997 0 57574162 0 239976 0 17292 17292 0 0 0 0
4 0 29498 0 77375785 0 235984 0 27296 27296 0 0 0 0
5 0 29938 0 52452874 0 239504 0 35014 35014 0 0 0 0
14 0 29105 0 218656035 0 232840 0 24365 24365 0 0 0 0
13 0 28741 0 205677773 0 229928 0 24784 24784 0 0 0 0
8 0 30243 0 124677903 0 241944 0 21332 21332 0 0 0 0
15 0 29274 0 193836958 0 234192 0 25413 25413 0 0 0 0
:
:vdbench503_vdbench_data_for_swat303
:date 12212024-13:42:20.000 12212024-13:42:21.000
10 0 28744 0 226325192 0 229952 0 51194 51194 0 0 0 0
9 0 28674 0 125927834 0 229392 0 33741 33741 0 0 0 0
12 0 28547 0 207765900 0 228376 0 44317 44317 0 0 0 0
11 0 28832 0 185257275 0 230656 0 38504 38504 0 0 0 0
2 0 29105 0 191316423 0 232840 0 32548 32548 0 0 0 0
3 0 28674 0 235215469 0 229392 0 41944 41944 0 0 0 0
0 0 22724 0 245919173 0 181792 0 72220 72220 0 0 0 0
1 0 29207 0 224451358 0 233656 0 33117 33117 0 0 0 0
6 0 30001 0 190075370 0 240008 0 48037 48037 0 0 0 0
7 0 28434 0 182838141 0 227472 0 37839 37839 0 0 0 0
4 0 28745 0 215437582 0 229960 0 32765 32765 0 0 0 0
5 0 28689 0 222943491 0 229512 0 43495 43495 0 0 0 0
14 0 28790 0 238314566 0 230320 0 42393 42393 0 0 0 0
13 0 27721 0 226155751 0 221768 0 24587 24587 0 0 0 0
8 0 28595 0 213187070 0 228760 0 41479 41479 0 0 0 0
15 0 28760 0 215085179 0 230080 0 40367 40367 0 0 0 0
:
:vdbench503_vdbench_data_for_swat303
:date 12212024-13:42:21.000 12212024-13:42:22.000
10 0 29676 0 184091928 0 237408 0 31195 31195 0 0 0 0
9 0 29401 0 60637332 0 235208 0 18798 18798 0 0 0 0
12 0 29204 0 220207124 0 233632 0 24254 24254 0 0 0 0
11 0 29091 0 103699542 0 232728 0 24389 24389 0 0 0 0
2 0 29503 0 228388806 0 236024 0 34002 34002 0 0 0 0
3 0 29846 0 228667923 0 238768 0 29403 29403 0 0 0 0
0 0 24785 0 257424457 0 198280 0 63756 63756 0 0 0 0
1 0 29320 0 230818636 0 234560 0 30784 30784 0 0 0 0
6 0 30590 0 122770691 0 244720 0 20245 20245 0 0 0 0
7 0 29528 0 166292670 0 236224 0 26442 26442 0 0 0 0
4 0 28024 0 255231187 0 224192 0 27951 27951 0 0 0 0
5 0 29571 0 243423660 0 236568 0 39220 39220 0 0 0 0
14 0 29889 0 214628850 0 239112 0 27589 27589 0 0 0 0
13 0 29806 0 234850261 0 238448 0 23490 23490 0 0 0 0
8 0 29654 0 151179592 0 237232 0 25135 25135 0 0 0 0
15 0 29830 0 208799498 0 238640 0 28033 28033 0 0 0 0
:
:vdbench503_vdbench_data_for_swat303
:date 12212024-13:42:22.000 12212024-13:42:23.000
10 0 32070 0 171360119 0 256560 0 26726 26726 0 0 0 0
9 0 31837 0 70517526 0 254696 0 25792 25792 0 0 0 0
12 0 32021 0 221049061 0 256168 0 33504 33504 0 0 0 0
11 0 31954 0 98754277 0 255632 0 24468 24468 0 0 0 0
2 0 29715 0 228294322 0 237720 0 31763 31763 0 0 0 0
3 0 29590 0 214613354 0 236720 0 30734 30734 0 0 0 0
0 0 21987 0 255132876 0 175896 0 61256 61256 0 0 0 0
1 0 29397 0 225689856 0 235176 0 33102 33102 0 0 0 0
6 0 30748 0 110058193 0 245984 0 32901 32901 0 0 0 0
7 0 32081 0 88388376 0 256648 0 23274 23274 0 0 0 0
4 0 30831 0 221468760 0 246648 0 28256 28256 0 0 0 0
5 0 29127 0 215279462 0 233016 0 28633 28633 0 0 0 0
14 0 35175 0 224270332 0 281400 0 24596 24596 0 0 0 0
13 0 31707 0 231288308 0 253656 0 96000 96000 0 0 0 0
8 0 31858 0 94609488 0 254864 0 21166 21166 0 0 0 0
15 0 34780 0 204878908 0 278240 0 29728 29728 0 0 0 0
:
:vdbench503_vdbench_data_for_swat303
:date 12212024-13:42:23.000 12212024-13:42:24.000
10 0 10400 0 239339680 0 83200 0 122822 122822 0 0 0 0
9 0 10437 0 236415299 0 83496 0 125116 125116 0 0 0 0
12 0 18907 0 240068605 0 151256 0 126841 126841 0 0 0 0
11 0 10273 0 230800351 0 82184 0 126660 126660 0 0 0 0
2 0 12640 0 246443720 0 101120 0 132838 132838 0 0 0 0
3 0 10358 0 247101711 0 82864 0 131189 131189 0 0 0 0
0 0 7495 0 256013913 0 59960 0 163613 163613 0 0 0 0
1 0 12651 0 243963237 0 101208 0 137023 137023 0 0 0 0
6 0 9920 0 226221215 0 79360 0 107785 107785 0 0 0 0
7 0 12247 0 239055724 0 97976 0 124834 124834 0 0 0 0
4 0 9918 0 250288160 0 79344 0 136404 136404 0 0 0 0
5 0 13117 0 246642229 0 104936 0 132319 132319 0 0 0 0
14 0 11153 0 196706821 0 89224 0 115686 115686 0 0 0 0
13 0 17823 0 235739260 0 142584 0 113213 113213 0 0 0 0
8 0 9331 0 228539066 0 74648 0 125109 125109 0 0 0 0
15 0 11295 0 193344819 0 90360 0 118387 118387 0 0 0 0
:
:vdbench503_vdbench_data_for_swat303
:date 12212024-13:42:24.000 12212024-13:42:25.000
10 0 10586 0 251033987 0 84688 0 120517 120517 0 0 0 0
9 0 11167 0 250497569 0 89336 0 107833 107833 0 0 0 0
12 0 16283 0 257963204 0 130264 0 97878 97878 0 0 0 0
11 0 10299 0 240955613 0 82392 0 107938 107938 0 0 0 0
2 0 11084 0 252003353 0 88672 0 113745 113745 0 0 0 0
3 0 8253 0 255672706 0 66024 0 121599 121599 0 0 0 0
0 0 6823 0 252981998 0 54584 0 142025 142025 0 0 0 0
1 0 10842 0 261170491 0 86736 0 103680 103680 0 0 0 0
6 0 10916 0 256671769 0 87328 0 108577 108577 0 0 0 0
7 0 10373 0 245562654 0 82984 0 124130 124130 0 0 0 0
4 0 9484 0 255045822 0 75872 0 108908 108908 0 0 0 0
5 0 8781 0 254422087 0 70248 0 117380 117380 0 0 0 0
14 0 19931 0 249502971 0 159448 0 103916 103916 0 0 0 0
13 0 16631 0 251452639 0 133048 0 69704 69704 0 0 0 0
8 0 9903 0 253497147 0 79224 0 113620 113620 0 0 0 0
15 0 16666 0 290684828 0 133328 0 97886 97886 0 0 0 0
:
:vdbench503_vdbench_data_for_swat303
:date 12212024-13:42:25.000 12212024-13:42:26.000
10 0 11522 0 254061937 0 92176 0 107743 107743 0 0 0 0
9 0 13750 0 259104796 0 110000 0 82866 82866 0 0 0 0
12 0 22348 0 257875284 0 178784 0 49004 49004 0 0 0 0
11 0 12840 0 263597168 0 102720 0 97040 97040 0 0 0 0
2 0 10556 0 264553191 0 84448 0 104475 104475 0 0 0 0
3 0 8677 0 258425753 0 69416 0 127010 127010 0 0 0 0
0 0 7775 0 256841278 0 62200 0 121332 121332 0 0 0 0
1 0 15649 0 256221607 0 125192 0 89623 89623 0 0 0 0
6 0 10161 0 249240626 0 81288 0 123143 123143 0 0 0 0
7 0 10718 0 262276774 0 85744 0 124204 124204 0 0 0 0
4 0 8073 0 255555317 0 64584 0 113488 113488 0 0 0 0
5 0 6567 0 256853365 0 52536 0 123015 123015 0 0 0 0
14 0 28436 0 264806710 0 227488 0 62284 62284 0 0 0 0
13 0 21791 0 260029619 0 174328 0 74020 74020 0 0 0 0
8 0 10953 0 252456087 0 87624 0 93752 93752 0 0 0 0
15 0 16110 0 255137329 0 128880 0 92037 92037 0 0 0 0
:
:vdbench503_vdbench_data_for_swat303
:date 12212024-13:42:26.000 12212024-13:42:27.000
10 0 12506 0 244554245 0 100048 0 84402 84402 0 0 0 0
9 0 14733 0 237871759 0 117864 0 59752 59752 0 0 0 0
12 0 21046 0 242814030 0 168368 0 35152 35152 0 0 0 0
11 0 15225 0 243486541 0 121800 0 54576 54576 0 0 0 0
2 0 14167 0 253307402 0 113336 0 71691 71691 0 0 0 0
3 0 11752 0 252057094 0 94016 0 69621 69621 0 0 0 0
0 0 6801 0 252295049 0 54408 0 130969 130969 0 0 0 0
1 0 18796 0 255418313 0 150368 0 39728 39728 0 0 0 0
6 0 12596 0 277386747 0 100768 0 83125 83125 0 0 0 0
7 0 10882 0 250886289 0 87056 0 100572 100572 0 0 0 0
4 0 7265 0 245126462 0 58120 0 128305 128305 0 0 0 0
5 0 6739 0 257009370 0 53912 0 113085 113085 0 0 0 0
14 0 26967 0 262167247 0 215736 0 36059 36059 0 0 0 0
13 0 29237 0 269421014 0 233896 0 44573 44573 0 0 0 0
8 0 12303 0 247405208 0 98424 0 105760 105760 0 0 0 0
15 0 16663 0 230569871 0 133304 0 45537 45537 0 0 0 0
:
:vdbench503_vdbench_data_for_swat303
:date 12212024-13:42:27.000 12212024-13:42:28.000
10 0 20520 0 264240686 0 164160 0 89628 89628 0 0 0 0
9 0 33834 0 262995278 0 270672 0 46457 46457 0 0 0 0
12 0 33115 0 270555093 0 264920 0 22353 22353 0 0 0 0
11 0 27146 0 261618716 0 217168 0 45555 45555 0 0 0 0
2 0 15688 0 257948533 0 125504 0 55067 55067 0 0 0 0
3 0 14500 0 256067880 0 116000 0 61254 61254 0 0 0 0
0 0 9333 0 263066835 0 74664 0 122980 122980 0 0 0 0
1 0 26621 0 256994601 0 212968 0 42876 42876 0 0 0 0
6 0 22499 0 262495922 0 179992 0 84424 84424 0 0 0 0
7 0 17445 0 261583523 0 139560 0 56072 56072 0 0 0 0
4 0 6194 0 260162098 0 49552 0 135452 135452 0 0 0 0
5 0 6635 0 249173871 0 53080 0 114287 114287 0 0 0 0
14 0 33729 0 270020226 0 269832 0 34614 34614 0 0 0 0
13 0 31138 0 269093073 0 249104 0 36658 36658 0 0 0 0
8 0 26318 0 262062947 0 210544 0 55944 55944 0 0 0 0
15 0 33093 0 268735643 0 264744 0 30878 30878 0 0 0 0
:
:vdbench503_vdbench_data_for_swat303
:date 12212024-13:42:28.000 12212024-13:42:29.000
10 0 31367 0 252726912 0 250936 0 20831 20831 0 0 0 0
9 0 40162 0 254921369 0 321296 0 19589 19589 0 0 0 0
12 0 49632 0 241902472 0 397056 0 21383 21383 0 0 0 0
11 0 34871 0 255338310 0 278968 0 20784 20784 0 0 0 0
2 0 28435 0 255860778 0 227480 0 40977 40977 0 0 0 0
3 0 29941 0 259881268 0 239528 0 50286 50286 0 0 0 0
0 0 13655 0 255530259 0 109240 0 92421 92421 0 0 0 0
1 0 30922 0 254072397 0 247376 0 29051 29051 0 0 0 0
6 0 32813 0 250528123 0 262504 0 20280 20280 0 0 0 0
7 0 36393 0 255520366 0 291144 0 23094 23094 0 0 0 0
4 0 7319 0 262456107 0 58552 0 117248 117248 0 0 0 0
5 0 6371 0 255341917 0 50968 0 112950 112950 0 0 0 0
14 0 52138 0 254376005 0 417104 0 23121 23121 0 0 0 0
13 0 52891 0 255159784 0 423128 0 24236 24236 0 0 0 0
8 0 37165 0 256231989 0 297320 0 29216 29216 0 0 0 0
15 0 54610 0 255615841 0 436880 0 21783 21783 0 0 0 0
:
:vdbench503_vdbench_data_for_swat303
:date 12212024-13:42:29.000 12212024-13:42:30.000
10 0 39181 0 251793912 0 313448 0 43044 43044 0 0 0 0
9 0 40775 0 250472626 0 326200 0 39748 39748 0 0 0 0
12 0 42404 0 133396243 0 339232 0 38076 38076 0 0 0 0
11 0 39101 0 249786517 0 312808 0 40640 40640 0 0 0 0
2 0 29469 0 257081027 0 235752 0 45594 45594 0 0 0 0
3 0 32149 0 255780107 0 257192 0 42799 42799 0 0 0 0
0 0 26478 0 256784390 0 211824 0 80243 80243 0 0 0 0
1 0 35615 0 257481152 0 284920 0 48413 48413 0 0 0 0
6 0 38511 0 237959224 0 308088 0 28431 28431 0 0 0 0
7 0 40288 0 247401361 0 322304 0 37609 37609 0 0 0 0
4 0 20758 0 256363945 0 166064 0 72934 72934 0 0 0 0
5 0 12410 0 266608991 0 99280 0 114001 114001 0 0 0 0
14 0 29360 0 46840147 0 234880 0 30898 30898 0 0 0 0
13 0 34177 0 101506613 0 273416 0 31725 31725 0 0 0 0
8 0 38274 0 250014915 0 306192 0 40922 40922 0 0 0 0
15 0 52470 0 215570379 0 419760 0 30081 30081 0 0 0 0
:
:vdbench503_vdbench_data_for_swat303
:date 12212024-13:42:30.000 12212024-13:42:31.000
10 0 39187 0 249075110 0 313496 0 22043 22043 0 0 0 0
9 0 41479 0 248891506 0 331832 0 20548 20548 0 0 0 0
12 0 28761 0 133861490 0 230088 0 18124 18124 0 0 0 0
11 0 39744 0 249470988 0 317952 0 22284 22284 0 0 0 0
2 0 35284 0 254450750 0 282272 0 31841 31841 0 0 0 0
3 0 37540 0 256045359 0 300320 0 25319 25319 0 0 0 0
0 0 29784 0 255076629 0 238272 0 63189 63189 0 0 0 0
1 0 36786 0 255237363 0 294288 0 27069 27069 0 0 0 0
6 0 43747 0 267953198 0 349976 0 20144 20144 0 0 0 0
7 0 40898 0 251512446 0 327184 0 17905 17905 0 0 0 0
4 0 27961 0 254554169 0 223688 0 26426 26426 0 0 0 0
5 0 29581 0 255406470 0 236648 0 25978 25978 0 0 0 0
14 0 28153 0 161846292 0 225224 0 14021 14021 0 0 0 0
13 0 28747 0 154391029 0 229976 0 19273 19273 0 0 0 0
8 0 39655 0 249405912 0 317240 0 19634 19634 0 0 0 0
15 0 28318 0 141239686 0 226544 0 14366 14366 0 0 0 0
:
:vdbench503_vdbench_data_for_swat303
:date 12212024-13:42:31.000 12212024-13:42:32.000
10 0 40586 0 255468771 0 324688 0 24577 24577 0 0 0 0
9 0 42436 0 255228631 0 339488 0 21281 21281 0 0 0 0
12 0 30735 0 193980813 0 245880 0 24008 24008 0 0 0 0
11 0 41157 0 259554059 0 329256 0 23862 23862 0 0 0 0
2 0 35952 0 256093288 0 287616 0 31030 31030 0 0 0 0
3 0 37395 0 255623929 0 299160 0 29679 29679 0 0 0 0
0 0 29506 0 255779345 0 236048 0 51736 51736 0 0 0 0
1 0 37620 0 256623712 0 300960 0 33358 33358 0 0 0 0
6 0 43276 0 256445947 0 346208 0 17957 17957 0 0 0 0
7 0 42355 0 255226045 0 338840 0 24002 24002 0 0 0 0
4 0 33686 0 257022829 0 269488 0 31858 31858 0 0 0 0
5 0 30461 0 259639462 0 243688 0 30287 30287 0 0 0 0
14 0 29252 0 208273048 0 234016 0 27120 27120 0 0 0 0
13 0 29887 0 218008645 0 239096 0 19858 19858 0 0 0 0
8 0 40837 0 254830846 0 326696 0 24185 24185 0 0 0 0
15 0 29252 0 184397928 0 234016 0 26502 26502 0 0 0 0
:
:vdbench503_vdbench_data_for_swat303
:date 12212024-13:42:32.000 12212024-13:42:33.000
10 0 41837 0 261917663 0 334696 0 20463 20463 0 0 0 0
9 0 42940 0 251212468 0 343520 0 19481 19481 0 0 0 0
12 0 28157 0 183557189 0 225256 0 25073 25073 0 0 0 0
11 0 40962 0 256924181 0 327696 0 18384 18384 0 0 0 0
2 0 36626 0 255653015 0 293008 0 25248 25248 0 0 0 0
3 0 37243 0 255926232 0 297944 0 25320 25320 0 0 0 0
0 0 30341 0 256530065 0 242728 0 49144 49144 0 0 0 0
1 0 37532 0 255882292 0 300256 0 25190 25190 0 0 0 0
6 0 41774 0 251550086 0 334192 0 22817 22817 0 0 0 0
7 0 43173 0 261401833 0 345384 0 19558 19558 0 0 0 0
4 0 36017 0 256774936 0 288136 0 26196 26196 0 0 0 0
5 0 34470 0 252489918 0 275760 0 24140 24140 0 0 0 0
14 0 30604 0 218048766 0 244832 0 30180 30180 0 0 0 0
13 0 29972 0 224630022 0 239776 0 30296 30296 0 0 0 0
8 0 42002 0 261594208 0 336016 0 19921 19921 0 0 0 0
15 0 30964 0 201240053 0 247712 0 23682 23682 0 0 0 0
:
:vdbench503_vdbench_data_for_swat303
:date 12212024-13:42:33.000 12212024-13:42:34.000
10 0 40445 0 253716703 0 323560 0 20507 20507 0 0 0 0
9 0 29747 0 65676231 0 237976 0 20742 20742 0 0 0 0
12 0 31962 0 214262429 0 255696 0 24636 24636 0 0 0 0
11 0 40803 0 254263398 0 326424 0 19976 19976 0 0 0 0
2 0 36297 0 256089721 0 290376 0 26720 26720 0 0 0 0
3 0 37283 0 255884198 0 298264 0 26889 26889 0 0 0 0
0 0 30228 0 255206721 0 241824 0 52435 52435 0 0 0 0
1 0 37259 0 255466975 0 298072 0 25616 25616 0 0 0 0
6 0 44139 0 264358076 0 353112 0 14338 14338 0 0 0 0
7 0 41702 0 254060877 0 333616 0 20717 20717 0 0 0 0
4 0 36476 0 254962739 0 291808 0 24595 24595 0 0 0 0
5 0 37256 0 261574003 0 298048 0 24070 24070 0 0 0 0
14 0 32224 0 227188982 0 257792 0 23478 23478 0 0 0 0
13 0 32833 0 241485309 0 262664 0 20265 20265 0 0 0 0
8 0 40077 0 254215351 0 320616 0 21297 21297 0 0 0 0
15 0 32342 0 214132710 0 258736 0 24133 24133 0 0 0 0
:
:vdbench503_vdbench_data_for_swat303
:date 12212024-13:42:34.000 12212024-13:42:35.000
10 0 40609 0 257306384 0 324872 0 20420 20420 0 0 0 0
9 0 29419 0 57640008 0 235352 0 17424 17424 0 0 0 0
12 0 26938 0 176637173 0 215504 0 17466 17466 0 0 0 0
11 0 37109 0 187411718 0 296872 0 19165 19165 0 0 0 0
2 0 36139 0 255805663 0 289112 0 26372 26372 0 0 0 0
3 0 37370 0 256210031 0 298960 0 25986 25986 0 0 0 0
0 0 29448 0 255971731 0 235584 0 49622 49622 0 0 0 0
1 0 36594 0 256141993 0 292752 0 26762 26762 0 0 0 0
6 0 40403 0 232743203 0 323224 0 20572 20572 0 0 0 0
7 0 41778 0 249454593 0 334224 0 20926 20926 0 0 0 0
4 0 37026 0 256172867 0 296208 0 26831 26831 0 0 0 0
5 0 35572 0 249992720 0 284576 0 20287 20287 0 0 0 0
14 0 26667 0 191106279 0 213336 0 25524 25524 0 0 0 0
13 0 26517 0 198698721 0 212136 0 26287 26287 0 0 0 0
8 0 41010 0 256317382 0 328080 0 21790 21790 0 0 0 0
15 0 26326 0 176551859 0 210608 0 24763 24763 0 0 0 0
:
:vdbench503_vdbench_data_for_swat303
:date 12212024-13:42:35.000 12212024-13:42:36.000
10 0 40625 0 247037267 0 325000 0 20490 20490 0 0 0 0
9 0 29259 0 53651051 0 234072 0 18414 18414 0 0 0 0
12 0 29376 0 193196548 0 235008 0 36275 36275 0 0 0 0
11 0 29248 0 99492338 0 233984 0 18904 18904 0 0 0 0
2 0 36344 0 256039102 0 290752 0 28528 28528 0 0 0 0
3 0 37714 0 255738286 0 301712 0 24837 24837 0 0 0 0
0 0 30298 0 256568013 0 242384 0 51116 51116 0 0 0 0
1 0 37168 0 255888979 0 297344 0 27502 27502 0 0 0 0
6 0 30293 0 76306951 0 242344 0 20167 20167 0 0 0 0
7 0 30854 0 121555817 0 246832 0 22416 22416 0 0 0 0
4 0 36425 0 256231096 0 291400 0 27526 27526 0 0 0 0
5 0 36571 0 255988803 0 292568 0 33262 33262 0 0 0 0
14 0 29326 0 207715729 0 234608 0 23314 23314 0 0 0 0
13 0 28669 0 213868915 0 229352 0 23643 23643 0 0 0 0
8 0 31853 0 137715931 0 254824 0 21409 21409 0 0 0 0
15 0 29500 0 194753140 0 236000 0 24342 24342 0 0 0 0
:
:vdbench503_vdbench_data_for_swat303
:date 12212024-13:42:36.000 12212024-13:42:37.000
10 0 30116 0 111010628 0 240928 0 21023 21023 0 0 0 0
9 0 29064 0 53728553 0 232512 0 18132 18132 0 0 0 0
12 0 29783 0 201014900 0 238264 0 24306 24306 0 0 0 0
11 0 29134 0 116175577 0 233072 0 23404 23404 0 0 0 0
2 0 36294 0 255599182 0 290352 0 26232 26232 0 0 0 0
3 0 37300 0 256090233 0 298400 0 31834 31834 0 0 0 0
0 0 25623 0 255599964 0 204984 0 55534 55534 0 0 0 0
1 0 36783 0 239001570 0 294264 0 33132 33132 0 0 0 0
6 0 29029 0 59858198 0 232232 0 18338 18338 0 0 0 0
7 0 29454 0 110713379 0 235632 0 23210 23210 0 0 0 0
4 0 37734 0 255626710 0 301872 0 30587 30587 0 0 0 0
5 0 37411 0 256012892 0 299288 0 26643 26643 0 0 0 0
14 0 28236 0 197418266 0 225888 0 25043 25043 0 0 0 0
13 0 28961 0 211782344 0 231688 0 22467 22467 0 0 0 0
8 0 29129 0 139417752 0 233032 0 21355 21355 0 0 0 0
15 0 28237 0 184481884 0 225896 0 25890 25890 0 0 0 0
:
:vdbench503_vdbench_data_for_swat303
:date 12212024-13:42:37.000 12212024-13:42:38.000
10 0 32572 0 91764955 0 260576 0 19782 19782 0 0 0 0
9 0 32027 0 80060183 0 256216 0 20858 20858 0 0 0 0
12 0 31977 0 203274648 0 255816 0 19306 19306 0 0 0 0
11 0 32829 0 105017450 0 262632 0 18519 18519 0 0 0 0
2 0 36300 0 256013201 0 290400 0 27879 27879 0 0 0 0
3 0 42124 0 255940435 0 336992 0 25825 25825 0 0 0 0
0 0 29821 0 255039785 0 238568 0 50665 50665 0 0 0 0
1 0 30173 0 89145409 0 241384 0 27158 27158 0 0 0 0
6 0 32185 0 78780865 0 257480 0 18546 18546 0 0 0 0
7 0 31733 0 90107032 0 253864 0 18622 18622 0 0 0 0
4 0 37167 0 255583694 0 297336 0 24736 24736 0 0 0 0
5 0 42830 0 257947531 0 342640 0 102390 102390 0 0 0 0
14 0 30853 0 210054299 0 246824 0 23146 23146 0 0 0 0
13 0 31486 0 231505312 0 251888 0 24318 24318 0 0 0 0
8 0 31805 0 143156484 0 254440 0 18281 18281 0 0 0 0
15 0 31511 0 211198792 0 252088 0 24236 24236 0 0 0 0
:
:vdbench503_vdbench_data_for_swat303
:date 12212024-13:42:38.000 12212024-13:42:39.000
10 0 25642 0 128661473 0 205136 0 110019 110019 0 0 0 0
9 0 26716 0 120006051 0 213728 0 122911 122911 0 0 0 0
12 0 26402 0 63750870 0 211216 0 102276 102276 0 0 0 0
11 0 25806 0 139184441 0 206448 0 121860 121860 0 0 0 0
2 0 32789 0 255847604 0 262312 0 118032 118032 0 0 0 0
3 0 36841 0 255466332 0 294728 0 103933 103933 0 0 0 0
0 0 25768 0 256127787 0 206144 0 134957 134957 0 0 0 0
1 0 29443 0 163592041 0 235544 0 118611 118611 0 0 0 0
6 0 26912 0 113545257 0 215296 0 112841 112841 0 0 0 0
7 0 26696 0 128085160 0 213568 0 113943 113943 0 0 0 0
4 0 34116 0 255771836 0 272928 0 115987 115987 0 0 0 0
5 0 36599 0 256545004 0 292792 0 102236 102236 0 0 0 0
14 0 27257 0 75526959 0 218056 0 109806 109806 0 0 0 0
13 0 27327 0 90511443 0 218616 0 115105 115105 0 0 0 0
8 0 26980 0 159265730 0 215840 0 121675 121675 0 0 0 0
15 0 27267 0 72292544 0 218136 0 114452 114452 0 0 0 0
:
:vdbench503_vdbench_data_for_swat303
:date 12212024-13:42:39.000 12212024-13:42:40.000
10 0 29866 0 104631045 0 238928 0 20169 20169 0 0 0 0
9 0 29768 0 73756553 0 238144 0 19189 19189 0 0 0 0
12 0 29812 0 195439167 0 238496 0 22371 22371 0 0 0 0
11 0 29646 0 97614983 0 237168 0 18780 18780 0 0 0 0
2 0 35875 0 255920819 0 287000 0 27858 27858 0 0 0 0
3 0 41309 0 246694508 0 330472 0 26547 26547 0 0 0 0
0 0 29374 0 256329753 0 234992 0 51353 51353 0 0 0 0
1 0 29381 0 107887200 0 235048 0 23407 23407 0 0 0 0
6 0 29699 0 62735219 0 237592 0 20672 20672 0 0 0 0
7 0 29249 0 87453983 0 233992 0 22557 22557 0 0 0 0
4 0 36577 0 256414811 0 292616 0 26971 26971 0 0 0 0
5 0 41353 0 255137048 0 330824 0 21278 21278 0 0 0 0
14 0 29439 0 205743980 0 235512 0 25385 25385 0 0 0 0
13 0 29687 0 216369570 0 237496 0 25445 25445 0 0 0 0
8 0 29711 0 143510701 0 237688 0 19603 19603 0 0 0 0
15 0 29983 0 193262882 0 239864 0 24832 24832 0 0 0 0
:
:vdbench503_vdbench_data_for_swat303
:date 12212024-13:42:40.000 12212024-13:42:41.000
10 0 29768 0 98189627 0 238144 0 17523 17523 0 0 0 0
9 0 29705 0 95409292 0 237640 0 15731 15731 0 0 0 0
12 0 30514 0 203832785 0 244112 0 20486 20486 0 0 0 0
11 0 29777 0 158850513 0 238216 0 18585 18585 0 0 0 0
2 0 36703 0 255745173 0 293624 0 25561 25561 0 0 0 0
3 0 31086 0 70865005 0 248688 0 25556 25556 0 0 0 0
0 0 27222 0 255991003 0 217776 0 55820 55820 0 0 0 0
1 0 29371 0 51019190 0 234968 0 24359 24359 0 0 0 0
6 0 29036 0 130144255 0 232288 0 18303 18303 0 0 0 0
7 0 29767 0 49159974 0 238136 0 19390 19390 0 0 0 0
4 0 37877 0 255561840 0 303016 0 27587 27587 0 0 0 0
5 0 54255 0 253936921 0 434040 0 21070 21070 0 0 0 0
14 0 33181 0 231113138 0 265448 0 23085 23085 0 0 0 0
13 0 32623 0 241728169 0 260984 0 22651 22651 0 0 0 0
8 0 29643 0 126578388 0 237144 0 16698 16698 0 0 0 0
15 0 32638 0 201479934 0 261104 0 29555 29555 0 0 0 0
:
:vdbench503_vdbench_data_for_swat303
:date 12212024-13:42:41.000 12212024-13:42:42.000
10 0 28793 0 87585637 0 230344 0 26586 26586 0 0 0 0
9 0 28646 0 105729100 0 229168 0 19120 19120 0 0 0 0
12 0 27481 0 182165453 0 219848 0 19979 19979 0 0 0 0
11 0 28614 0 158304229 0 228912 0 22941 22941 0 0 0 0
2 0 36274 0 256133472 0 290192 0 30403 30403 0 0 0 0
3 0 29235 0 51572961 0 233880 0 31245 31245 0 0 0 0
0 0 27900 0 255410545 0 223200 0 59632 59632 0 0 0 0
1 0 29157 0 46278448 0 233256 0 20945 20945 0 0 0 0
6 0 29680 0 122499644 0 237440 0 15407 15407 0 0 0 0
7 0 28721 0 46724174 0 229768 0 17430 17430 0 0 0 0
4 0 37541 0 256189876 0 300328 0 24120 24120 0 0 0 0
5 0 52948 0 255923210 0 423584 0 26162 26162 0 0 0 0
14 0 25705 0 178879223 0 205640 0 29896 29896 0 0 0 0
13 0 25629 0 191265096 0 205032 0 24687 24687 0 0 0 0
8 0 28784 0 151951715 0 230272 0 21330 21330 0 0 0 0
15 0 25815 0 166074148 0 206520 0 22073 22073 0 0 0 0
:
:vdbench503_vdbench_data_for_swat303
:date 12212024-13:42:42.000 12212024-13:42:43.000
10 0 29985 0 76911398 0 239880 0 17848 17848 0 0 0 0
9 0 29955 0 114204100 0 239640 0 18060 18060 0 0 0 0
12 0 29910 0 199446546 0 239280 0 22594 22594 0 0 0 0
11 0 29745 0 169894582 0 237960 0 23324 23324 0 0 0 0
2 0 34675 0 223072469 0 277400 0 28206 28206 0 0 0 0
3 0 29177 0 53284965 0 233416 0 21430 21430 0 0 0 0
0 0 28546 0 255824088 0 228368 0 49666 49666 0 0 0 0
1 0 29343 0 56278010 0 234744 0 23075 23075 0 0 0 0
6 0 29766 0 106385576 0 238128 0 23802 23802 0 0 0 0
7 0 30214 0 54795841 0 241712 0 17084 17084 0 0 0 0
4 0 37377 0 256045640 0 299016 0 25230 25230 0 0 0 0
5 0 55217 0 260035748 0 441736 0 23307 23307 0 0 0 0
14 0 31067 0 218112104 0 248536 0 23576 23576 0 0 0 0
13 0 30725 0 225642205 0 245800 0 23303 23303 0 0 0 0
8 0 29640 0 119688462 0 237120 0 22684 22684 0 0 0 0
15 0 30921 0 200663843 0 247368 0 23574 23574 0 0 0 0
:
:vdbench503_vdbench_data_for_swat303
:date 12212024-13:42:43.000 12212024-13:42:44.000
10 0 29474 0 96113897 0 235792 0 16700 16700 0 0 0 0
9 0 29242 0 74010758 0 233936 0 17699 17699 0 0 0 0
12 0 29320 0 195574298 0 234560 0 21248 21248 0 0 0 0
11 0 29253 0 167730728 0 234024 0 20413 20413 0 0 0 0
2 0 29766 0 175043926 0 238128 0 25861 25861 0 0 0 0
3 0 29561 0 32655459 0 236488 0 21140 21140 0 0 0 0
0 0 30910 0 256273543 0 247280 0 61256 61256 0 0 0 0
1 0 29326 0 36090716 0 234608 0 23359 23359 0 0 0 0
6 0 28183 0 105623829 0 225464 0 20336 20336 0 0 0 0
7 0 29481 0 47389847 0 235848 0 17682 17682 0 0 0 0
4 0 39072 0 255401531 0 312576 0 23596 23596 0 0 0 0
5 0 32722 0 56390348 0 261776 0 20954 20954 0 0 0 0
14 0 28852 0 202848391 0 230816 0 23118 23118 0 0 0 0
13 0 28637 0 212217796 0 229096 0 21939 21939 0 0 0 0
8 0 29313 0 124291637 0 234504 0 22144 22144 0 0 0 0
15 0 28497 0 184542895 0 227976 0 22529 22529 0 0 0 0
:
:vdbench503_vdbench_data_for_swat303
:date 12212024-13:42:44.000 12212024-13:42:45.000
10 0 29172 0 74480018 0 233376 0 25407 25407 0 0 0 0
9 0 29381 0 79883395 0 235048 0 22952 22952 0 0 0 0
12 0 29284 0 197092673 0 234272 0 23019 23019 0 0 0 0
11 0 29412 0 156013399 0 235296 0 26168 26168 0 0 0 0
2 0 29540 0 155417738 0 236320 0 29835 29835 0 0 0 0
3 0 29231 0 45815351 0 233848 0 21719 21719 0 0 0 0
0 0 31992 0 256107568 0 255936 0 57369 57369 0 0 0 0
1 0 29463 0 49946559 0 235704 0 21141 21141 0 0 0 0
6 0 29811 0 112814887 0 238488 0 21990 21990 0 0 0 0
7 0 29264 0 50470102 0 234112 0 23077 23077 0 0 0 0
4 0 38540 0 255603761 0 308320 0 26775 26775 0 0 0 0
5 0 29265 0 48119623 0 234120 0 21321 21321 0 0 0 0
14 0 29475 0 207632392 0 235800 0 25646 25646 0 0 0 0
13 0 29438 0 216853062 0 235504 0 26876 26876 0 0 0 0
8 0 29263 0 132011155 0 234104 0 22400 22400 0 0 0 0
15 0 29418 0 194847130 0 235344 0 27911 27911 0 0 0 0
:
:vdbench503_vdbench_data_for_swat303
:date 12212024-13:42:45.000 12212024-13:42:46.000
10 0 29306 0 70256444 0 234448 0 19741 19741 0 0 0 0
9 0 29671 0 66435130 0 237368 0 19444 19444 0 0 0 0
12 0 29787 0 193571997 0 238296 0 24990 24990 0 0 0 0
11 0 29638 0 139418633 0 237104 0 23770 23770 0 0 0 0
2 0 29294 0 141985434 0 234352 0 24344 24344 0 0 0 0
3 0 29662 0 32053045 0 237296 0 22693 22693 0 0 0 0
0 0 33234 0 255392142 0 265872 0 53702 53702 0 0 0 0
1 0 29286 0 32357742 0 234288 0 25354 25354 0 0 0 0
6 0 28549 0 88251485 0 228392 0 19387 19387 0 0 0 0
7 0 29323 0 44778630 0 234584 0 19144 19144 0 0 0 0
4 0 40004 0 256146766 0 320032 0 25729 25729 0 0 0 0
5 0 29402 0 30336110 0 235216 0 22437 22437 0 0 0 0
14 0 30908 0 214958110 0 247264 0 28745 28745 0 0 0 0
13 0 30508 0 223936967 0 244064 0 20985 20985 0 0 0 0
8 0 29944 0 105113976 0 239552 0 22716 22716 0 0 0 0
15 0 30735 0 201295582 0 245880 0 24865 24865 0 0 0 0
:
:vdbench503_vdbench_data_for_swat303
:date 12212024-13:42:46.000 12212024-13:42:47.000
10 0 28928 0 57013409 0 231424 0 18066 18066 0 0 0 0
9 0 29155 0 68286753 0 233240 0 17834 17834 0 0 0 0
12 0 29206 0 195439364 0 233648 0 24677 24677 0 0 0 0
11 0 29335 0 158035619 0 234680 0 23734 23734 0 0 0 0
2 0 29383 0 151514017 0 235064 0 26641 26641 0 0 0 0
3 0 29246 0 38324602 0 233968 0 20565 20565 0 0 0 0
0 0 31195 0 255991516 0 249560 0 59043 59043 0 0 0 0
1 0 29240 0 40841254 0 233920 0 20742 20742 0 0 0 0
6 0 29282 0 79820235 0 234256 0 17096 17096 0 0 0 0
7 0 28938 0 43035940 0 231504 0 16689 16689 0 0 0 0
4 0 39421 0 256124852 0 315368 0 28239 28239 0 0 0 0
5 0 29327 0 38206292 0 234616 0 21761 21761 0 0 0 0
14 0 28024 0 193049483 0 224192 0 22511 22511 0 0 0 0
13 0 27520 0 200638184 0 220160 0 21157 21157 0 0 0 0
8 0 28963 0 96245842 0 231704 0 18215 18215 0 0 0 0
15 0 27911 0 178807307 0 223288 0 24605 24605 0 0 0 0
:
:vdbench503_vdbench_data_for_swat303
:date 12212024-13:42:47.000 12212024-13:42:48.000
10 0 33230 0 95357465 0 265840 0 17939 17939 0 0 0 0
9 0 33351 0 101119106 0 266808 0 20256 20256 0 0 0 0
12 0 33352 0 219177711 0 266816 0 25959 25959 0 0 0 0
11 0 33609 0 188725794 0 268872 0 30122 30122 0 0 0 0
2 0 29407 0 121620283 0 235256 0 30570 30570 0 0 0 0
3 0 29362 0 40796717 0 234896 0 22145 22145 0 0 0 0
0 0 33853 0 256465801 0 270824 0 325536 325536 0 0 0 0
1 0 29424 0 48915619 0 235392 0 25084 25084 0 0 0 0
6 0 31486 0 114110392 0 251888 0 18571 18571 0 0 0 0
7 0 31685 0 56709308 0 253480 0 23232 23232 0 0 0 0
4 0 39883 0 250874770 0 319064 0 25666 25666 0 0 0 0
5 0 29310 0 42375052 0 234480 0 23844 23844 0 0 0 0
14 0 30896 0 216104663 0 247168 0 30413 30413 0 0 0 0
13 0 32615 0 241382387 0 260920 0 21484 21484 0 0 0 0
8 0 33108 0 112832182 0 264864 0 24105 24105 0 0 0 0
15 0 34938 0 218196969 0 279504 0 26816 26816 0 0 0 0
:
:vdbench503_vdbench_data_for_swat303
:date 12212024-13:42:48.000 12212024-13:42:49.000
10 0 26454 0 55559430 0 211632 0 18262 18262 0 0 0 0
9 0 26597 0 85732509 0 212776 0 19785 19785 0 0 0 0
12 0 26599 0 179006658 0 212792 0 25115 25115 0 0 0 0
11 0 26648 0 145511529 0 213184 0 23486 23486 0 0 0 0
2 0 29137 0 111848601 0 233096 0 25748 25748 0 0 0 0
3 0 29426 0 33813692 0 235408 0 22888 22888 0 0 0 0
0 0 39501 0 255344336 0 316008 0 52830 52830 0 0 0 0
1 0 29447 0 37854784 0 235576 0 23301 23301 0 0 0 0
6 0 26362 0 66293654 0 210896 0 15376 15376 0 0 0 0
7 0 27412 0 46024028 0 219296 0 17507 17507 0 0 0 0
4 0 32153 0 106085932 0 257224 0 26575 26575 0 0 0 0
5 0 29304 0 32162062 0 234432 0 21890 21890 0 0 0 0
14 0 26382 0 182599758 0 211056 0 22208 22208 0 0 0 0
13 0 26275 0 190652853 0 210200 0 22770 22770 0 0 0 0
8 0 27053 0 76095717 0 216424 0 19591 19591 0 0 0 0
15 0 23968 0 154781526 0 191744 0 20364 20364 0 0 0 0
:
:vdbench503_vdbench_data_for_swat303
:date 12212024-13:42:49.000 12212024-13:42:50.000
10 0 28031 0 62917545 0 224248 0 21856 21856 0 0 0 0
9 0 28329 0 134800125 0 226632 0 24974 24974 0 0 0 0
12 0 27873 0 182997157 0 222984 0 23378 23378 0 0 0 0
11 0 28273 0 154678900 0 226184 0 22426 22426 0 0 0 0
2 0 29207 0 87546778 0 233656 0 24300 24300 0 0 0 0
3 0 29283 0 43842346 0 234264 0 21636 21636 0 0 0 0
0 0 41942 0 255828387 0 335536 0 59318 59318 0 0 0 0
1 0 29524 0 46957818 0 236192 0 22141 22141 0 0 0 0
6 0 28992 0 69525296 0 231936 0 20757 20757 0 0 0 0
7 0 27291 0 41296447 0 218328 0 16209 16209 0 0 0 0
4 0 29321 0 74224986 0 234568 0 26629 26629 0 0 0 0
5 0 29534 0 47659821 0 236272 0 22706 22706 0 0 0 0
14 0 27629 0 194527674 0 221032 0 20389 20389 0 0 0 0
13 0 28235 0 208763437 0 225880 0 25275 25275 0 0 0 0
8 0 28159 0 92055367 0 225272 0 19809 19809 0 0 0 0
15 0 26994 0 171993879 0 215952 0 23227 23227 0 0 0 0
:
:vdbench503_vdbench_data_for_swat303
:date 12212024-13:42:50.000 12212024-13:42:51.000
10 0 29133 0 105848722 0 233064 0 21909 21909 0 0 0 0
9 0 29418 0 102817647 0 235344 0 21036 21036 0 0 0 0
12 0 29117 0 194727631 0 232936 0 25665 25665 0 0 0 0
11 0 29206 0 88899784 0 233648 0 25723 25723 0 0 0 0
2 0 29204 0 57980994 0 233632 0 26495 26495 0 0 0 0
3 0 29184 0 65435879 0 233472 0 23679 23679 0 0 0 0
0 0 44916 0 255650984 0 359328 0 54341 54341 0 0 0 0
1 0 29271 0 46921422 0 234168 0 23664 23664 0 0 0 0
6 0 29012 0 118212199 0 232096 0 22151 22151 0 0 0 0
7 0 29546 0 99501533 0 236368 0 18806 18806 0 0 0 0
4 0 29269 0 55091654 0 234152 0 24376 24376 0 0 0 0
5 0 29049 0 64589607 0 232392 0 22574 22574 0 0 0 0
14 0 29515 0 206905649 0 236120 0 25668 25668 0 0 0 0
13 0 29498 0 219160958 0 235984 0 23586 23586 0 0 0 0
8 0 29409 0 153153001 0 235272 0 26630 26630 0 0 0 0
15 0 31315 0 196501079 0 250520 0 19716 19716 0 0 0 0
:
:vdbench503_vdbench_data_for_swat303
:date 12212024-13:42:51.000 12212024-13:42:52.000
10 0 29046 0 49569146 0 232368 0 16745 16745 0 0 0 0
9 0 29197 0 75036669 0 233576 0 16696 16696 0 0 0 0
12 0 29196 0 193647333 0 233568 0 24447 24447 0 0 0 0
11 0 28685 0 79604350 0 229480 0 16960 16960 0 0 0 0
2 0 29576 0 99594796 0 236608 0 23243 23243 0 0 0 0
3 0 29602 0 55088029 0 236816 0 25334 25334 0 0 0 0
0 0 40994 0 256002751 0 327952 0 54369 54369 0 0 0 0
1 0 29074 0 50942822 0 232592 0 19195 19195 0 0 0 0
6 0 29088 0 67521764 0 232704 0 21115 21115 0 0 0 0
7 0 30889 0 81663678 0 247112 0 18548 18548 0 0 0 0
4 0 29206 0 83694283 0 233648 0 23348 23348 0 0 0 0
5 0 29780 0 56606508 0 238240 0 35204 35204 0 0 0 0
14 0 29671 0 205802737 0 237368 0 20785 20785 0 0 0 0
13 0 29004 0 207474995 0 232032 0 23571 23571 0 0 0 0
8 0 29112 0 133104622 0 232896 0 17632 17632 0 0 0 0
15 0 27599 0 171784228 0 220792 0 22834 22834 0 0 0 0
:
:vdbench503_vdbench_data_for_swat303
:date 12212024-13:42:52.000 12212024-13:42:53.000
10 0 29338 0 64651961 0 234704 0 17310 17310 0 0 0 0
9 0 28878 0 64020304 0 231024 0 17871 17871 0 0 0 0
12 0 29296 0 197667011 0 234368 0 23469 23469 0 0 0 0
11 0 29318 0 89198753 0 234544 0 18135 18135 0 0 0 0
2 0 29275 0 58813995 0 234200 0 22211 22211 0 0 0 0
3 0 29212 0 40223190 0 233696 0 20906 20906 0 0 0 0
0 0 47086 0 255956981 0 376688 0 50380 50380 0 0 0 0
1 0 29292 0 42933784 0 234336 0 22167 22167 0 0 0 0
6 0 29509 0 76072205 0 236072 0 20822 20822 0 0 0 0
7 0 29393 0 107209362 0 235144 0 20494 20494 0 0 0 0
4 0 29378 0 54903547 0 235024 0 23326 23326 0 0 0 0
5 0 29354 0 41874064 0 234832 0 20941 20941 0 0 0 0
14 0 30561 0 208529928 0 244488 0 20634 20634 0 0 0 0
13 0 29544 0 216050272 0 236352 0 22956 22956 0 0 0 0
8 0 29288 0 158433378 0 234304 0 23224 23224 0 0 0 0
15 0 29754 0 186294992 0 238032 0 25201 25201 0 0 0 0
:
:vdbench503_vdbench_data_for_swat303
:date 12212024-13:42:53.000 12212024-13:42:54.000
10 0 29526 0 53738211 0 236208 0 19989 19989 0 0 0 0
9 0 29775 0 59785376 0 238200 0 22910 22910 0 0 0 0
12 0 29471 0 193262687 0 235768 0 22938 22938 0 0 0 0
11 0 29480 0 71854933 0 235840 0 22164 22164 0 0 0 0
2 0 29274 0 52506159 0 234192 0 25251 25251 0 0 0 0
3 0 29647 0 42915537 0 237176 0 21887 21887 0 0 0 0
0 0 47084 0 255880503 0 376672 0 51749 51749 0 0 0 0
1 0 29291 0 38088450 0 234328 0 23381 23381 0 0 0 0
6 0 28862 0 64504504 0 230896 0 22687 22687 0 0 0 0
7 0 28181 0 70791392 0 225448 0 19585 19585 0 0 0 0
4 0 29528 0 40899317 0 236224 0 21351 21351 0 0 0 0
5 0 29387 0 33722932 0 235096 0 20115 20115 0 0 0 0
14 0 28360 0 197667142 0 226880 0 23285 23285 0 0 0 0
13 0 29552 0 207737196 0 236416 0 23671 23671 0 0 0 0
8 0 29935 0 149194036 0 239480 0 25232 25232 0 0 0 0
15 0 29793 0 208319351 0 238344 0 25000 25000 0 0 0 0
:
:vdbench503_vdbench_data_for_swat303
:date 12212024-13:42:54.000 12212024-13:42:55.000
10 0 29275 0 81507633 0 234200 0 18083 18083 0 0 0 0
9 0 29302 0 73815917 0 234416 0 17601 17601 0 0 0 0
12 0 29531 0 196055909 0 236248 0 21173 21173 0 0 0 0
11 0 29275 0 93698614 0 234200 0 15201 15201 0 0 0 0
2 0 29344 0 101118211 0 234752 0 23828 23828 0 0 0 0
3 0 29418 0 37676751 0 235344 0 22753 22753 0 0 0 0
0 0 43236 0 255917608 0 345888 0 53639 53639 0 0 0 0
1 0 29492 0 34392405 0 235936 0 23708 23708 0 0 0 0
6 0 29360 0 45728606 0 234880 0 25115 25115 0 0 0 0
7 0 29648 0 143540026 0 237184 0 16604 16604 0 0 0 0
4 0 29269 0 85965478 0 234152 0 22378 22378 0 0 0 0
5 0 29402 0 31880301 0 235216 0 20624 20624 0 0 0 0
14 0 29227 0 202106009 0 233816 0 20667 20667 0 0 0 0
13 0 29406 0 205243973 0 235248 0 24284 24284 0 0 0 0
8 0 29294 0 129924870 0 234352 0 21339 21339 0 0 0 0
15 0 29305 0 206714151 0 234440 0 24988 24988 0 0 0 0
:
:vdbench503_vdbench_data_for_swat303
:date 12212024-13:42:55.000 12212024-13:42:56.000
10 0 29163 0 71681288 0 233304 0 17792 17792 0 0 0 0
9 0 29087 0 74948588 0 232696 0 18396 18396 0 0 0 0
12 0 29405 0 197364880 0 235240 0 24473 24473 0 0 0 0
11 0 29086 0 83578452 0 232688 0 19008 19008 0 0 0 0
2 0 29359 0 62253958 0 234872 0 22273 22273 0 0 0 0
3 0 29458 0 35088884 0 235664 0 24846 24846 0 0 0 0
0 0 46023 0 255696363 0 368184 0 52356 52356 0 0 0 0
1 0 29308 0 34439159 0 234464 0 19861 19861 0 0 0 0
6 0 29601 0 46756724 0 236808 0 19475 19475 0 0 0 0
7 0 30124 0 128432389 0 240992 0 17122 17122 0 0 0 0
4 0 29539 0 55935938 0 236312 0 22622 22622 0 0 0 0
5 0 29368 0 27574491 0 234944 0 19318 19318 0 0 0 0
14 0 29748 0 204914692 0 237984 0 21013 21013 0 0 0 0
13 0 29717 0 207350775 0 237736 0 23405 23405 0 0 0 0
8 0 29448 0 156358525 0 235584 0 18751 18751 0 0 0 0
15 0 30246 0 216478835 0 241968 0 23438 23438 0 0 0 0
:
:vdbench503_vdbench_data_for_swat303
:date 12212024-13:42:56.000 12212024-13:42:57.000
10 0 29329 0 102684800 0 234632 0 18245 18245 0 0 0 0
9 0 29053 0 62501644 0 232424 0 22336 22336 0 0 0 0
12 0 29561 0 193775804 0 236488 0 22166 22166 0 0 0 0
11 0 29462 0 111585939 0 235696 0 18041 18041 0 0 0 0
2 0 29480 0 66930686 0 235840 0 24258 24258 0 0 0 0
3 0 29442 0 33499768 0 235536 0 22148 22148 0 0 0 0
0 0 44686 0 255869858 0 357488 0 55915 55915 0 0 0 0
1 0 29307 0 34574984 0 234456 0 21256 21256 0 0 0 0
6 0 29400 0 57936668 0 235200 0 17879 17879 0 0 0 0
7 0 29169 0 123587806 0 233352 0 17218 17218 0 0 0 0
4 0 29262 0 59972868 0 234096 0 23720 23720 0 0 0 0
5 0 29415 0 41306395 0 235320 0 22500 22500 0 0 0 0
14 0 28713 0 197211357 0 229704 0 21052 21052 0 0 0 0
13 0 29369 0 209101936 0 234952 0 26965 26965 0 0 0 0
8 0 29146 0 153350441 0 233168 0 25608 25608 0 0 0 0
15 0 27472 0 190135845 0 219776 0 25884 25884 0 0 0 0
:
:vdbench503_vdbench_data_for_swat303
:date 12212024-13:42:57.000 12212024-13:42:58.000
10 0 29560 0 71551037 0 236480 0 18730 18730 0 0 0 0
9 0 29822 0 79091922 0 238576 0 17738 17738 0 0 0 0
12 0 29616 0 194859523 0 236928 0 21582 21582 0 0 0 0
11 0 29598 0 82625638 0 236784 0 18183 18183 0 0 0 0
2 0 29359 0 89224024 0 234872 0 22366 22366 0 0 0 0
3 0 29668 0 41178584 0 237344 0 20906 20906 0 0 0 0
0 0 40131 0 236359296 0 321048 0 50680 50680 0 0 0 0
1 0 29486 0 40476990 0 235888 0 21572 21572 0 0 0 0
6 0 29382 0 49347455 0 235056 0 20911 20911 0 0 0 0
7 0 28473 0 99685714 0 227784 0 18209 18209 0 0 0 0
4 0 29266 0 79111097 0 234128 0 25465 25465 0 0 0 0
5 0 29327 0 43668662 0 234616 0 21169 21169 0 0 0 0
14 0 29121 0 206542310 0 232968 0 19338 19338 0 0 0 0
13 0 29691 0 207011678 0 237528 0 21959 21959 0 0 0 0
8 0 29664 0 160058538 0 237312 0 22023 22023 0 0 0 0
15 0 28949 0 201251618 0 231592 0 27354 27354 0 0 0 0
:
:vdbench503_vdbench_data_for_swat303
:date 12212024-13:42:58.000 12212024-13:42:59.000
10 0 29528 0 60878993 0 236224 0 19404 19404 0 0 0 0
9 0 29369 0 71423079 0 234952 0 19579 19579 0 0 0 0
12 0 29097 0 186000308 0 232776 0 21473 21473 0 0 0 0
11 0 29346 0 76524790 0 234768 0 21217 21217 0 0 0 0
2 0 29411 0 51756893 0 235288 0 23663 23663 0 0 0 0
3 0 29465 0 39348548 0 235720 0 20426 20426 0 0 0 0
0 0 38334 0 180869266 0 306672 0 56119 56119 0 0 0 0
1 0 29530 0 37107118 0 236240 0 21424 21424 0 0 0 0
6 0 29392 0 45149723 0 235136 0 16700 16700 0 0 0 0
7 0 31306 0 91728294 0 250448 0 16158 16158 0 0 0 0
4 0 29651 0 45560509 0 237208 0 22381 22381 0 0 0 0
5 0 29205 0 30525219 0 233640 0 20847 20847 0 0 0 0
14 0 29435 0 199854013 0 235480 0 22794 22794 0 0 0 0
13 0 29541 0 199416947 0 236328 0 20546 20546 0 0 0 0
8 0 29359 0 158406808 0 234872 0 24334 24334 0 0 0 0
15 0 30929 0 214768539 0 247432 0 20415 20415 0 0 0 0
:
:vdbench503_vdbench_data_for_swat303
:date 12212024-13:42:59.000 12212024-13:43:00.000
10 0 29657 0 53006816 0 237256 0 19104 19104 0 0 0 0
9 0 29245 0 56631942 0 233960 0 18681 18681 0 0 0 0
12 0 29484 0 193178788 0 235872 0 23497 23497 0 0 0 0
11 0 29848 0 60799976 0 238784 0 16822 16822 0 0 0 0
2 0 29183 0 51586553 0 233464 0 21704 21704 0 0 0 0
3 0 29208 0 36351952 0 233664 0 24158 24158 0 0 0 0
0 0 31991 0 173905568 0 255928 0 52764 52764 0 0 0 0
1 0 29270 0 35989411 0 234160 0 24020 24020 0 0 0 0
6 0 29315 0 41990685 0 234520 0 16336 16336 0 0 0 0
7 0 28210 0 75450584 0 225680 0 19483 19483 0 0 0 0
4 0 29580 0 49083321 0 236640 0 21795 21795 0 0 0 0
5 0 29399 0 37280204 0 235192 0 24222 24222 0 0 0 0
14 0 29762 0 211516711 0 238096 0 23842 23842 0 0 0 0
13 0 29704 0 209857661 0 237632 0 24068 24068 0 0 0 0
8 0 29610 0 152453996 0 236880 0 24381 24381 0 0 0 0
15 0 28659 0 198481095 0 229272 0 24175 24175 0 0 0 0
:
:vdbench503_vdbench_data_for_swat303
:date 12212024-13:43:00.000 12212024-13:43:01.000
10 0 30085 0 61880080 0 240680 0 17755 17755 0 0 0 0
9 0 30235 0 78314799 0 241880 0 19126 19126 0 0 0 0
12 0 30121 0 199450838 0 240968 0 22390 22390 0 0 0 0
11 0 30351 0 72601038 0 242808 0 18448 18448 0 0 0 0
2 0 29555 0 45836438 0 236440 0 22734 22734 0 0 0 0
3 0 29543 0 34870579 0 236344 0 22800 22800 0 0 0 0
0 0 29494 0 130352721 0 235952 0 50782 50782 0 0 0 0
1 0 29279 0 30428037 0 234232 0 20921 20921 0 0 0 0
6 0 29805 0 47184443 0 238440 0 20567 20567 0 0 0 0
7 0 31673 0 95525652 0 253384 0 17728 17728 0 0 0 0
4 0 29591 0 38792911 0 236728 0 21458 21458 0 0 0 0
5 0 29228 0 37638798 0 233824 0 20341 20341 0 0 0 0
14 0 34339 0 228903914 0 274712 0 22835 22835 0 0 0 0
13 0 32302 0 223449736 0 258416 0 37074 37074 0 0 0 0
8 0 29959 0 148749417 0 239672 0 23706 23706 0 0 0 0
15 0 33316 0 222688524 0 266528 0 19035 19035 0 0 0 0
:
:vdbench503_vdbench_data_for_swat303
:date 12212024-13:43:01.000 12212024-13:43:02.000
10 0 28258 0 69051968 0 226064 0 51549 51549 0 0 0 0
9 0 28506 0 101666556 0 228048 0 50922 50922 0 0 0 0
12 0 28319 0 189357394 0 226552 0 59296 59296 0 0 0 0
11 0 28548 0 75205742 0 228384 0 53042 53042 0 0 0 0
2 0 29586 0 85292163 0 236688 0 56010 56010 0 0 0 0
3 0 29440 0 79879851 0 235520 0 51834 51834 0 0 0 0
0 0 29136 0 242654371 0 233088 0 80991 80991 0 0 0 0
1 0 29474 0 81109336 0 235792 0 54683 54683 0 0 0 0
6 0 29764 0 55236086 0 238112 0 43003 43003 0 0 0 0
7 0 28208 0 108639101 0 225664 0 55241 55241 0 0 0 0
4 0 29556 0 73545387 0 236448 0 54239 54239 0 0 0 0
5 0 29425 0 75230161 0 235400 0 59225 59225 0 0 0 0
14 0 25197 0 180086055 0 201576 0 55975 55975 0 0 0 0
13 0 27293 0 192214935 0 218344 0 40180 40180 0 0 0 0
8 0 28181 0 127908869 0 225448 0 57433 57433 0 0 0 0
15 0 25492 0 185421365 0 203936 0 53659 53659 0 0 0 0
:
:vdbench503_vdbench_data_for_swat303
:date 12212024-13:43:02.000 12212024-13:43:03.000
10 0 29734 0 53085969 0 237872 0 18743 18743 0 0 0 0
9 0 29779 0 86216920 0 238232 0 18192 18192 0 0 0 0
12 0 29540 0 187026287 0 236320 0 22104 22104 0 0 0 0
11 0 29925 0 48732011 0 239400 0 16643 16643 0 0 0 0
2 0 29354 0 57316078 0 234832 0 23804 23804 0 0 0 0
3 0 29343 0 40013981 0 234744 0 23906 23906 0 0 0 0
0 0 29995 0 151623041 0 239960 0 52657 52657 0 0 0 0
1 0 29478 0 43649284 0 235824 0 23148 23148 0 0 0 0
6 0 28601 0 43832156 0 228808 0 15286 15286 0 0 0 0
7 0 27645 0 95407235 0 221160 0 19611 19611 0 0 0 0
4 0 29444 0 51476365 0 235552 0 21388 21388 0 0 0 0
5 0 29215 0 36603241 0 233720 0 22531 22531 0 0 0 0
14 0 28449 0 195000019 0 227592 0 25217 25217 0 0 0 0
13 0 28617 0 196798931 0 228936 0 19509 19509 0 0 0 0
8 0 29726 0 113592936 0 237808 0 22705 22705 0 0 0 0
15 0 29183 0 202244609 0 233464 0 24963 24963 0 0 0 0
:
:vdbench503_vdbench_data_for_swat303
:date 12212024-13:43:03.000 12212024-13:43:04.000
10 0 29264 0 58568861 0 234112 0 18382 18382 0 0 0 0
9 0 29281 0 74810065 0 234248 0 21714 21714 0 0 0 0
12 0 29453 0 194043864 0 235624 0 24671 24671 0 0 0 0
11 0 29381 0 47982640 0 235048 0 16059 16059 0 0 0 0
2 0 29396 0 83073875 0 235168 0 24227 24227 0 0 0 0
3 0 29699 0 36922500 0 237592 0 21739 21739 0 0 0 0
0 0 29391 0 143879054 0 235128 0 54567 54567 0 0 0 0
1 0 29576 0 34088718 0 236608 0 21468 21468 0 0 0 0
6 0 29476 0 48763500 0 235808 0 17942 17942 0 0 0 0
7 0 30110 0 88614154 0 240880 0 18288 18288 0 0 0 0
4 0 29358 0 72211463 0 234864 0 21784 21784 0 0 0 0
5 0 29312 0 29695323 0 234496 0 19942 19942 0 0 0 0
14 0 29219 0 195594422 0 233752 0 21963 21963 0 0 0 0
13 0 29257 0 203935820 0 234056 0 22161 22161 0 0 0 0
8 0 29344 0 102548624 0 234752 0 18293 18293 0 0 0 0
15 0 29209 0 206945295 0 233672 0 17624 17624 0 0 0 0
:
:vdbench503_vdbench_data_for_swat303
:date 12212024-13:43:04.000 12212024-13:43:05.000
10 0 29267 0 55911459 0 234136 0 16408 16408 0 0 0 0
9 0 29248 0 69857618 0 233984 0 18596 18596 0 0 0 0
12 0 29543 0 191367353 0 236344 0 21160 21160 0 0 0 0
11 0 29526 0 49833319 0 236208 0 18034 18034 0 0 0 0
2 0 29494 0 41817370 0 235952 0 22861 22861 0 0 0 0
3 0 29529 0 39298414 0 236232 0 19430 19430 0 0 0 0
0 0 29589 0 94964202 0 236712 0 50494 50494 0 0 0 0
1 0 29270 0 32796863 0 234160 0 19538 19538 0 0 0 0
6 0 29448 0 44468265 0 235584 0 15845 15845 0 0 0 0
7 0 29672 0 94136217 0 237376 0 16071 16071 0 0 0 0
4 0 29485 0 37519215 0 235880 0 21538 21538 0 0 0 0
5 0 29667 0 35022363 0 237336 0 20890 20890 0 0 0 0
14 0 30189 0 204687582 0 241512 0 25334 25334 0 0 0 0
13 0 29239 0 199077737 0 233912 0 22614 22614 0 0 0 0
8 0 28971 0 102651457 0 231768 0 19913 19913 0 0 0 0
15 0 30018 0 206683225 0 240144 0 18970 18970 0 0 0 0
:
:vdbench503_vdbench_data_for_swat303
:date 12212024-13:43:05.000 12212024-13:43:06.000
10 0 28929 0 43941965 0 231432 0 19555 19555 0 0 0 0
9 0 28964 0 67138261 0 231712 0 23457 23457 0 0 0 0
12 0 29113 0 186558803 0 232904 0 24410 24410 0 0 0 0
11 0 29172 0 41572850 0 233376 0 20747 20747 0 0 0 0
2 0 29191 0 52095965 0 233528 0 23479 23479 0 0 0 0
3 0 29492 0 36542436 0 235936 0 21864 21864 0 0 0 0
0 0 29499 0 115510512 0 235992 0 50741 50741 0 0 0 0
1 0 29622 0 37688051 0 236976 0 23973 23973 0 0 0 0
6 0 29690 0 41764535 0 237520 0 18333 18333 0 0 0 0
7 0 30308 0 67306922 0 242464 0 15971 15971 0 0 0 0
4 0 29448 0 58698547 0 235584 0 23333 23333 0 0 0 0
5 0 29175 0 33075803 0 233400 0 20317 20317 0 0 0 0
14 0 30862 0 206710228 0 246896 0 19900 19900 0 0 0 0
13 0 30145 0 209885285 0 241160 0 25449 25449 0 0 0 0
8 0 29374 0 103093730 0 234992 0 24988 24988 0 0 0 0
15 0 30114 0 210730575 0 240912 0 26019 26019 0 0 0 0
:
:vdbench503_vdbench_data_for_swat303
:date 12212024-13:43:06.000 12212024-13:43:07.000
10 0 29336 0 45609510 0 234688 0 17019 17019 0 0 0 0
9 0 28987 0 63210278 0 231896 0 18734 18734 0 0 0 0
12 0 29302 0 185687055 0 234416 0 22270 22270 0 0 0 0
11 0 28953 0 41255699 0 231624 0 16397 16397 0 0 0 0
2 0 29300 0 46730193 0 234400 0 24193 24193 0 0 0 0
3 0 29410 0 33393385 0 235280 0 21910 21910 0 0 0 0
0 0 29254 0 130019924 0 234032 0 48585 48585 0 0 0 0
1 0 29137 0 33174606 0 233096 0 22204 22204 0 0 0 0
6 0 30246 0 39770726 0 241968 0 16128 16128 0 0 0 0
7 0 29082 0 72705043 0 232656 0 20422 20422 0 0 0 0
4 0 29138 0 49006475 0 233104 0 22050 22050 0 0 0 0
5 0 28938 0 31002759 0 231504 0 20395 20395 0 0 0 0
14 0 28197 0 191360543 0 225576 0 23939 23939 0 0 0 0
13 0 28743 0 198400976 0 229944 0 19767 19767 0 0 0 0
8 0 28751 0 89735877 0 230008 0 20510 20510 0 0 0 0
15 0 28306 0 197487744 0 226448 0 22465 22465 0 0 0 0
:
:vdbench503_vdbench_data_for_swat303
:date 12212024-13:43:07.000 12212024-13:43:08.000
10 0 29296 0 46635995 0 234368 0 18338 18338 0 0 0 0
9 0 29598 0 60201274 0 236784 0 17123 17123 0 0 0 0
12 0 29596 0 189807312 0 236768 0 24381 24381 0 0 0 0
11 0 29480 0 45623909 0 235840 0 16939 16939 0 0 0 0
2 0 29385 0 59005737 0 235080 0 22597 22597 0 0 0 0
3 0 29226 0 34806840 0 233808 0 21312 21312 0 0 0 0
0 0 29526 0 112361167 0 236208 0 53164 53164 0 0 0 0
1 0 29551 0 41522927 0 236408 0 22358 22358 0 0 0 0
6 0 28922 0 44465070 0 231376 0 17550 17550 0 0 0 0
7 0 29495 0 92200001 0 235960 0 18437 18437 0 0 0 0
4 0 29400 0 41321214 0 235200 0 22733 22733 0 0 0 0
5 0 29292 0 41548010 0 234336 0 22719 22719 0 0 0 0
14 0 29278 0 199283766 0 234224 0 23507 23507 0 0 0 0
13 0 28996 0 192233427 0 231968 0 22287 22287 0 0 0 0
8 0 29557 0 86213501 0 236456 0 17048 17048 0 0 0 0
15 0 29959 0 207148496 0 239672 0 24079 24079 0 0 0 0
:
:vdbench503_vdbench_data_for_swat303
:date 12212024-13:43:08.000 12212024-13:43:09.000
10 0 29837 0 47154667 0 238696 0 16383 16383 0 0 0 0
9 0 29915 0 70108925 0 239320 0 18273 18273 0 0 0 0
12 0 29621 0 190723141 0 236968 0 22989 22989 0 0 0 0
11 0 29812 0 47504060 0 238496 0 17113 17113 0 0 0 0
2 0 29387 0 52606217 0 235096 0 24591 24591 0 0 0 0
3 0 29492 0 50207337 0 235936 0 27882 27882 0 0 0 0
0 0 29602 0 118664346 0 236816 0 49593 49593 0 0 0 0
1 0 29480 0 48069411 0 235840 0 21953 21953 0 0 0 0
6 0 28892 0 37983122 0 231136 0 14316 14316 0 0 0 0
7 0 28781 0 87214346 0 230248 0 19354 19354 0 0 0 0
4 0 29189 0 45093787 0 233512 0 23535 23535 0 0 0 0
5 0 29612 0 43868246 0 236896 0 22990 22990 0 0 0 0
14 0 29806 0 204967801 0 238448 0 18148 18148 0 0 0 0
13 0 29636 0 200780564 0 237088 0 22934 22934 0 0 0 0
8 0 29782 0 89030800 0 238256 0 18980 18980 0 0 0 0
15 0 29379 0 200669319 0 235032 0 24881 24881 0 0 0 0
:
:vdbench503_vdbench_data_for_swat303
:date 12212024-13:43:09.000 12212024-13:43:10.000
10 0 28637 0 56290945 0 229096 0 20702 20702 0 0 0 0
9 0 28882 0 95452627 0 231056 0 21966 21966 0 0 0 0
12 0 28948 0 184022772 0 231584 0 31193 31193 0 0 0 0
11 0 29161 0 50174315 0 233288 0 20298 20298 0 0 0 0
2 0 29414 0 78490613 0 235312 0 38585 38585 0 0 0 0
3 0 29231 0 46224280 0 233848 0 25345 25345 0 0 0 0
0 0 29236 0 130853477 0 233888 0 65543 65543 0 0 0 0
1 0 29613 0 63095445 0 236904 0 24629 24629 0 0 0 0
6 0 29496 0 46118235 0 235968 0 23297 23297 0 0 0 0
7 0 29398 0 93739530 0 235184 0 16791 16791 0 0 0 0
4 0 29274 0 67248465 0 234192 0 39941 39941 0 0 0 0
5 0 29469 0 47920839 0 235752 0 27815 27815 0 0 0 0
14 0 28140 0 197621885 0 225120 0 21686 21686 0 0 0 0
13 0 29100 0 204799011 0 232800 0 26814 26814 0 0 0 0
8 0 29044 0 102065769 0 232352 0 24011 24011 0 0 0 0
15 0 28595 0 205978380 0 228760 0 25293 25293 0 0 0 0
:
:vdbench503_vdbench_data_for_swat303
:date 12212024-13:43:10.000 12212024-13:43:11.000
10 0 29668 0 64102389 0 237344 0 17649 17649 0 0 0 0
9 0 29361 0 83694031 0 234888 0 18535 18535 0 0 0 0
12 0 29476 0 173071567 0 235808 0 23861 23861 0 0 0 0
11 0 29367 0 55177874 0 234936 0 15936 15936 0 0 0 0
2 0 29143 0 50760235 0 233144 0 23693 23693 0 0 0 0
3 0 29526 0 28691443 0 236208 0 20572 20572 0 0 0 0
0 0 29465 0 111925963 0 235720 0 48324 48324 0 0 0 0
1 0 29467 0 30523442 0 235736 0 19818 19818 0 0 0 0
6 0 30253 0 53626919 0 242024 0 17109 17109 0 0 0 0
7 0 29488 0 93615909 0 235904 0 22669 22669 0 0 0 0
4 0 29108 0 41764720 0 232864 0 21597 21597 0 0 0 0
5 0 29169 0 29714558 0 233352 0 20532 20532 0 0 0 0
14 0 30385 0 192752707 0 243080 0 18677 18677 0 0 0 0
13 0 30264 0 199145637 0 242112 0 21186 21186 0 0 0 0
8 0 29357 0 113917815 0 234856 0 19512 19512 0 0 0 0
15 0 29304 0 194364724 0 234432 0 25130 25130 0 0 0 0
:
:vdbench503_vdbench_data_for_swat303
:date 12212024-13:43:11.000 12212024-13:43:12.000
10 0 29742 0 65720955 0 237936 0 16293 16293 0 0 0 0
9 0 29404 0 65452622 0 235232 0 17925 17925 0 0 0 0
12 0 29562 0 176384375 0 236496 0 23073 23073 0 0 0 0
11 0 29668 0 77567658 0 237344 0 18312 18312 0 0 0 0
2 0 29508 0 63001672 0 236064 0 26049 26049 0 0 0 0
3 0 29169 0 44651710 0 233352 0 23616 23616 0 0 0 0
0 0 29594 0 117253090 0 236752 0 51170 51170 0 0 0 0
1 0 29462 0 42743425 0 235696 0 22729 22729 0 0 0 0
6 0 28533 0 49364092 0 228264 0 14660 14660 0 0 0 0
7 0 28255 0 90381952 0 226040 0 29557 29557 0 0 0 0
4 0 29228 0 34490826 0 233824 0 21553 21553 0 0 0 0
5 0 29626 0 46812679 0 237008 0 19879 19879 0 0 0 0
14 0 28712 0 235718761 0 229696 0 27493 27493 0 0 0 0
13 0 28891 0 195117362 0 231128 0 19916 19916 0 0 0 0
8 0 29657 0 74230233 0 237256 0 23262 23262 0 0 0 0
15 0 29378 0 196489802 0 235024 0 25180 25180 0 0 0 0
:
:vdbench503_vdbench_data_for_swat303
:date 12212024-13:43:12.000 12212024-13:43:13.000
10 0 29699 0 90086671 0 237592 0 73963 73963 0 0 0 0
9 0 29360 0 108131449 0 234880 0 68084 68084 0 0 0 0
12 0 29890 0 190449443 0 239120 0 79711 79711 0 0 0 0
11 0 29543 0 109421397 0 236344 0 74753 74753 0 0 0 0
2 0 29554 0 123279641 0 236432 0 76736 76736 0 0 0 0
3 0 29297 0 102693355 0 234376 0 73788 73788 0 0 0 0
0 0 29423 0 220386047 0 235384 0 74105 74105 0 0 0 0
1 0 29455 0 122488836 0 235640 0 106851 106851 0 0 0 0
6 0 31443 0 87277507 0 251544 0 87157 87157 0 0 0 0
7 0 31372 0 138489810 0 250976 0 90430 90430 0 0 0 0
4 0 29010 0 124000418 0 232080 0 92875 92875 0 0 0 0
5 0 29574 0 104527071 0 236592 0 74928 74928 0 0 0 0
14 0 32145 0 230380659 0 257160 0 116653 116653 0 0 0 0
13 0 32303 0 200269160 0 258424 0 74533 74533 0 0 0 0
8 0 29861 0 112578657 0 238888 0 68491 68491 0 0 0 0
15 0 30817 0 202950719 0 246536 0 67640 67640 0 0 0 0
:
:vdbench503_vdbench_data_for_swat303
:date 12212024-13:43:13.000 12212024-13:43:14.000
10 0 28835 0 66720793 0 230680 0 46313 46313 0 0 0 0
9 0 28744 0 79278978 0 229952 0 50396 50396 0 0 0 0
12 0 28263 0 179550190 0 226104 0 49477 49477 0 0 0 0
11 0 28544 0 83473488 0 228352 0 48086 48086 0 0 0 0
2 0 29445 0 92439325 0 235560 0 49169 49169 0 0 0 0
3 0 29472 0 67066398 0 235776 0 48229 48229 0 0 0 0
0 0 29377 0 162587497 0 235016 0 72045 72045 0 0 0 0
1 0 29339 0 71136511 0 234712 0 48471 48471 0 0 0 0
6 0 27273 0 51615282 0 218184 0 42071 42071 0 0 0 0
7 0 28661 0 78022256 0 229288 0 46849 46849 0 0 0 0
4 0 29352 0 76606169 0 234816 0 50761 50761 0 0 0 0
5 0 29671 0 69859668 0 237368 0 48365 48365 0 0 0 0
14 0 27029 0 187974427 0 216232 0 49349 49349 0 0 0 0
13 0 27414 0 196554957 0 219312 0 54094 54094 0 0 0 0
8 0 28715 0 87342494 0 229720 0 50565 50565 0 0 0 0
15 0 27492 0 197386370 0 219936 0 55776 55776 0 0 0 0
:
:vdbench503_vdbench_data_for_swat303
:date 12212024-13:43:14.000 12212024-13:43:15.000
10 0 29457 0 40117438 0 235656 0 18549 18549 0 0 0 0
9 0 29604 0 53374061 0 236832 0 19674 19674 0 0 0 0
12 0 29378 0 184561506 0 235024 0 24175 24175 0 0 0 0
11 0 29638 0 63030978 0 237104 0 19501 19501 0 0 0 0
2 0 29535 0 42993981 0 236280 0 22787 22787 0 0 0 0
3 0 29245 0 32165810 0 233960 0 22224 22224 0 0 0 0
0 0 29449 0 82828473 0 235592 0 50480 50480 0 0 0 0
1 0 29348 0 33659738 0 234784 0 23536 23536 0 0 0 0
6 0 29953 0 41358656 0 239624 0 24014 24014 0 0 0 0
7 0 29831 0 67658421 0 238648 0 21355 21355 0 0 0 0
4 0 29513 0 33311064 0 236104 0 24055 24055 0 0 0 0
5 0 29320 0 36195168 0 234560 0 22930 22930 0 0 0 0
14 0 29481 0 196144412 0 235848 0 24674 24674 0 0 0 0
13 0 29289 0 198296619 0 234312 0 26272 26272 0 0 0 0
8 0 29652 0 60810228 0 237216 0 19006 19006 0 0 0 0
15 0 29755 0 207522274 0 238040 0 26242 26242 0 0 0 0
:
:vdbench503_vdbench_data_for_swat303
:date 12212024-13:43:15.000 12212024-13:43:16.000
10 0 29453 0 46608092 0 235624 0 27636 27636 0 0 0 0
9 0 29849 0 73403956 0 238792 0 28978 28978 0 0 0 0
12 0 29823 0 190648259 0 238584 0 31383 31383 0 0 0 0
11 0 29779 0 79443630 0 238232 0 29032 29032 0 0 0 0
2 0 29260 0 57279720 0 234080 0 31624 31624 0 0 0 0
3 0 29168 0 47483027 0 233344 0 29522 29522 0 0 0 0
0 0 29179 0 124020800 0 233432 0 58576 58576 0 0 0 0
1 0 29559 0 45492682 0 236472 0 31125 31125 0 0 0 0
6 0 28904 0 52068042 0 231232 0 39049 39049 0 0 0 0
7 0 29447 0 88922660 0 235576 0 30046 30046 0 0 0 0
4 0 29502 0 62897578 0 236016 0 30863 30863 0 0 0 0
5 0 29112 0 64791263 0 232896 0 31049 31049 0 0 0 0
14 0 30097 0 209653674 0 240776 0 34984 34984 0 0 0 0
13 0 28921 0 199702375 0 231368 0 48093 48093 0 0 0 0
8 0 30109 0 111940639 0 240872 0 28764 28764 0 0 0 0
15 0 29965 0 211563576 0 239720 0 34432 34432 0 0 0 0
:
:vdbench503_vdbench_data_for_swat303
:date 12212024-13:43:16.000 12212024-13:43:17.000
10 0 28912 0 57936618 0 231296 0 40633 40633 0 0 0 0
9 0 29009 0 82536435 0 232072 0 40565 40565 0 0 0 0
12 0 28669 0 184959612 0 229352 0 46287 46287 0 0 0 0
11 0 28855 0 98682548 0 230840 0 42370 42370 0 0 0 0
2 0 29697 0 75181533 0 237576 0 43662 43662 0 0 0 0
3 0 29357 0 60431055 0 234856 0 42568 42568 0 0 0 0
0 0 29529 0 128026455 0 236232 0 76180 76180 0 0 0 0
1 0 29578 0 64375054 0 236624 0 40943 40943 0 0 0 0
6 0 29269 0 63729432 0 234152 0 39331 39331 0 0 0 0
7 0 29165 0 125206184 0 233320 0 44978 44978 0 0 0 0
4 0 29394 0 71459434 0 235152 0 43432 43432 0 0 0 0
5 0 29972 0 65496539 0 239776 0 46827 46827 0 0 0 0
14 0 28722 0 205470289 0 229776 0 49970 49970 0 0 0 0
13 0 29141 0 204655271 0 233128 0 48542 48542 0 0 0 0
8 0 28943 0 85961934 0 231544 0 41754 41754 0 0 0 0
15 0 28944 0 208283547 0 231552 0 50144 50144 0 0 0 0
:
:vdbench503_vdbench_data_for_swat303
:date 12212024-13:43:17.000 12212024-13:43:18.000
10 0 29490 0 66867329 0 235920 0 25533 25533 0 0 0 0
9 0 29352 0 65891141 0 234816 0 24331 24331 0 0 0 0
12 0 29524 0 192613351 0 236192 0 29841 29841 0 0 0 0
11 0 29723 0 94933727 0 237784 0 24127 24127 0 0 0 0
2 0 29458 0 63582796 0 235664 0 27961 27961 0 0 0 0
3 0 29598 0 41082153 0 236784 0 26009 26009 0 0 0 0
0 0 29138 0 136297081 0 233104 0 54613 54613 0 0 0 0
1 0 29543 0 44295627 0 236344 0 25425 25425 0 0 0 0
6 0 28949 0 50661714 0 231592 0 22926 22926 0 0 0 0
7 0 29755 0 119385537 0 238040 0 25910 25910 0 0 0 0
4 0 29526 0 56074342 0 236208 0 27315 27315 0 0 0 0
5 0 29321 0 42873089 0 234568 0 23913 23913 0 0 0 0
14 0 29458 0 199328065 0 235664 0 26710 26710 0 0 0 0
13 0 29866 0 205675034 0 238928 0 29814 29814 0 0 0 0
8 0 29457 0 79737724 0 235656 0 24077 24077 0 0 0 0
15 0 29740 0 208449114 0 237920 0 29739 29739 0 0 0 0
:
:vdbench503_vdbench_data_for_swat303
:date 12212024-13:43:18.000 12212024-13:43:19.000
10 0 30123 0 70713876 0 240984 0 26147 26147 0 0 0 0
9 0 29927 0 71881754 0 239416 0 27636 27636 0 0 0 0
12 0 30023 0 182930646 0 240184 0 33585 33585 0 0 0 0
11 0 30273 0 80703538 0 242184 0 25908 25908 0 0 0 0
2 0 29410 0 68567552 0 235280 0 30007 30007 0 0 0 0
3 0 29558 0 41218811 0 236464 0 28175 28175 0 0 0 0
0 0 29261 0 144110311 0 234088 0 67910 67910 0 0 0 0
1 0 29429 0 48516245 0 235432 0 29408 29408 0 0 0 0
6 0 29195 0 46053415 0 233560 0 22368 22368 0 0 0 0
7 0 29370 0 108923565 0 234960 0 31432 31432 0 0 0 0
4 0 29432 0 56376445 0 235456 0 24515 24515 0 0 0 0
5 0 29324 0 42994441 0 234592 0 27294 27294 0 0 0 0
14 0 31025 0 204404949 0 248200 0 25652 25652 0 0 0 0
13 0 30105 0 203574722 0 240840 0 55479 55479 0 0 0 0
8 0 30070 0 73262680 0 240560 0 27859 27859 0 0 0 0
15 0 30642 0 204519656 0 245136 0 34727 34727 0 0 0 0
:
:vdbench503_vdbench_data_for_swat303
:date 12212024-13:43:19.000 12212024-13:43:20.000
10 0 28699 0 116753053 0 229592 0 62141 62141 0 0 0 0
9 0 28357 0 86266855 0 226856 0 59588 59588 0 0 0 0
12 0 28701 0 170644442 0 229608 0 63317 63317 0 0 0 0
11 0 28321 0 107282199 0 226568 0 63567 63567 0 0 0 0
2 0 29078 0 206430239 0 232624 0 62946 62946 0 0 0 0
3 0 29323 0 188115225 0 234584 0 61116 61116 0 0 0 0
0 0 26868 0 245958060 0 214944 0 87656 87656 0 0 0 0
1 0 28948 0 208232714 0 231584 0 61921 61921 0 0 0 0
6 0 29992 0 76603553 0 239936 0 61657 61657 0 0 0 0
7 0 29433 0 96647249 0 235464 0 52683 52683 0 0 0 0
4 0 29089 0 191015487 0 232712 0 60905 60905 0 0 0 0
5 0 29200 0 199502649 0 233600 0 63103 63103 0 0 0 0
14 0 28500 0 190686354 0 228000 0 58384 58384 0 0 0 0
13 0 28494 0 178614528 0 227952 0 55402 55402 0 0 0 0
8 0 28259 0 85291538 0 226072 0 61658 61658 0 0 0 0
15 0 28276 0 188280491 0 226208 0 60242 60242 0 0 0 0
:
:vdbench503_vdbench_data_for_swat303
:date 12212024-13:43:20.000 12212024-13:43:21.000
10 0 29222 0 121586617 0 233776 0 21489 21489 0 0 0 0
9 0 28957 0 64811430 0 231656 0 18610 18610 0 0 0 0
12 0 28698 0 179734490 0 229584 0 24011 24011 0 0 0 0
11 0 29005 0 100063617 0 232040 0 17462 17462 0 0 0 0
2 0 29558 0 210729324 0 236464 0 30190 30190 0 0 0 0
3 0 29337 0 196636989 0 234696 0 29009 29009 0 0 0 0
0 0 26324 0 256595953 0 210592 0 55736 55736 0 0 0 0
1 0 29493 0 223855303 0 235944 0 28376 28376 0 0 0 0
6 0 29648 0 45185638 0 237184 0 16197 16197 0 0 0 0
7 0 29109 0 91488600 0 232872 0 19774 19774 0 0 0 0
4 0 29680 0 199164827 0 237440 0 28708 28708 0 0 0 0
5 0 29531 0 209218559 0 236248 0 29187 29187 0 0 0 0
14 0 28425 0 190822913 0 227400 0 21723 21723 0 0 0 0
13 0 29881 0 205595969 0 239048 0 21965 21965 0 0 0 0
8 0 29183 0 99362909 0 233464 0 20231 20231 0 0 0 0
15 0 28131 0 191976215 0 225048 0 23167 23167 0 0 0 0
:
:vdbench503_vdbench_data_for_swat303
:date 12212024-13:43:21.000 12212024-13:43:22.000
10 0 29680 0 87922624 0 237440 0 19159 19159 0 0 0 0
9 0 30000 0 58118638 0 240000 0 18255 18255 0 0 0 0
12 0 30061 0 189996665 0 240488 0 23950 23950 0 0 0 0
11 0 30382 0 92612346 0 243056 0 21310 21310 0 0 0 0
2 0 29459 0 84540631 0 235672 0 24733 24733 0 0 0 0
3 0 29238 0 39195904 0 233904 0 27131 27131 0 0 0 0
0 0 35095 0 219429756 0 280760 0 55069 55069 0 0 0 0
1 0 29737 0 45821605 0 237896 0 27511 27511 0 0 0 0
6 0 28793 0 40822306 0 230344 0 13037 13037 0 0 0 0
7 0 30208 0 93852674 0 241664 0 17155 17155 0 0 0 0
4 0 29197 0 79102232 0 233576 0 23203 23203 0 0 0 0
5 0 29280 0 35237718 0 234240 0 27247 27247 0 0 0 0
14 0 29912 0 203988329 0 239296 0 23656 23656 0 0 0 0
13 0 29382 0 199311847 0 235056 0 17697 17697 0 0 0 0
8 0 30133 0 87563842 0 241064 0 17832 17832 0 0 0 0
15 0 30516 0 205756650 0 244128 0 24212 24212 0 0 0 0
:
:vdbench503_vdbench_data_for_swat303
:date 12212024-13:43:22.000 12212024-13:43:23.000
10 0 28526 0 89619013 0 228208 0 34348 34348 0 0 0 0
9 0 28668 0 70857111 0 229344 0 31815 31815 0 0 0 0
12 0 28222 0 171347979 0 225776 0 33687 33687 0 0 0 0
11 0 28519 0 97656743 0 228152 0 30781 30781 0 0 0 0
2 0 29323 0 49695123 0 234584 0 34813 34813 0 0 0 0
3 0 29490 0 42652998 0 235920 0 31691 31691 0 0 0 0
0 0 29022 0 99499053 0 232176 0 65294 65294 0 0 0 0
1 0 29241 0 44069459 0 233928 0 32965 32965 0 0 0 0
6 0 29486 0 53435909 0 235888 0 30752 30752 0 0 0 0
7 0 28229 0 95711792 0 225832 0 31862 31862 0 0 0 0
4 0 29349 0 40113535 0 234792 0 31376 31376 0 0 0 0
5 0 29224 0 43890760 0 233792 0 33221 33221 0 0 0 0
14 0 28113 0 192709047 0 224904 0 35243 35243 0 0 0 0
13 0 28969 0 196265088 0 231752 0 36442 36442 0 0 0 0
8 0 28421 0 93932958 0 227368 0 32544 32544 0 0 0 0
15 0 29006 0 200765767 0 232048 0 38444 38444 0 0 0 0
:
:vdbench503_vdbench_data_for_swat303
:date 12212024-13:43:23.000 12212024-13:43:24.000
10 0 29461 0 116328419 0 235688 0 19050 19050 0 0 0 0
9 0 29255 0 65452800 0 234040 0 18604 18604 0 0 0 0
12 0 29445 0 186532331 0 235560 0 22175 22175 0 0 0 0
11 0 29301 0 89127661 0 234408 0 17821 17821 0 0 0 0
2 0 29610 0 58217793 0 236880 0 22606 22606 0 0 0 0
3 0 29619 0 36239634 0 236952 0 21459 21459 0 0 0 0
0 0 28771 0 122820675 0 230168 0 49124 49124 0 0 0 0
1 0 29175 0 36980488 0 233400 0 21572 21572 0 0 0 0
6 0 29114 0 40946027 0 232912 0 16719 16719 0 0 0 0
7 0 29007 0 118644042 0 232056 0 19414 19414 0 0 0 0
4 0 29475 0 47928719 0 235800 0 21707 21707 0 0 0 0
5 0 29044 0 35678845 0 232352 0 20089 20089 0 0 0 0
14 0 29368 0 203503828 0 234944 0 18441 18441 0 0 0 0
13 0 29625 0 204731028 0 237000 0 22824 22824 0 0 0 0
8 0 29540 0 81167673 0 236320 0 18318 18318 0 0 0 0
15 0 29078 0 200161476 0 232624 0 24935 24935 0 0 0 0
:
:vdbench503_vdbench_data_for_swat303
:date 12212024-13:43:24.000 12212024-13:43:25.000
10 0 29837 0 135782534 0 238696 0 25057 25057 0 0 0 0
9 0 29215 0 66434632 0 233720 0 21286 21286 0 0 0 0
12 0 29213 0 185579751 0 233704 0 23907 23907 0 0 0 0
11 0 29328 0 91586574 0 234624 0 22877 22877 0 0 0 0
2 0 29274 0 93011424 0 234192 0 24207 24207 0 0 0 0
3 0 29217 0 32433347 0 233736 0 24869 24869 0 0 0 0
0 0 29523 0 142889826 0 236184 0 63542 63542 0 0 0 0
1 0 29419 0 33710254 0 235352 0 26519 26519 0 0 0 0
6 0 29413 0 50424872 0 235304 0 21870 21870 0 0 0 0
7 0 29458 0 131949141 0 235664 0 23760 23760 0 0 0 0
4 0 29433 0 53529956 0 235464 0 23615 23615 0 0 0 0
5 0 29129 0 33105725 0 233032 0 21919 21919 0 0 0 0
14 0 28936 0 195814324 0 231488 0 19657 19657 0 0 0 0
13 0 29533 0 204940561 0 236264 0 21607 21607 0 0 0 0
8 0 29417 0 94520148 0 235336 0 21835 21835 0 0 0 0
15 0 29447 0 205703681 0 235576 0 28147 28147 0 0 0 0
:
:vdbench503_vdbench_data_for_swat303
:date 12212024-13:43:25.000 12212024-13:43:26.000
10 0 29250 0 94049445 0 234000 0 18085 18085 0 0 0 0
9 0 29399 0 53693091 0 235192 0 16621 16621 0 0 0 0
12 0 29384 0 187098221 0 235072 0 23629 23629 0 0 0 0
11 0 29377 0 63167495 0 235016 0 16488 16488 0 0 0 0
2 0 29420 0 67291547 0 235360 0 22457 22457 0 0 0 0
3 0 29157 0 32275281 0 233256 0 20505 20505 0 0 0 0
0 0 29284 0 112890795 0 234272 0 50675 50675 0 0 0 0
1 0 29163 0 33810901 0 233304 0 22419 22419 0 0 0 0
6 0 29755 0 43708215 0 238040 0 18204 18204 0 0 0 0
7 0 30072 0 121023656 0 240576 0 20184 20184 0 0 0 0
4 0 29685 0 45993922 0 237480 0 20813 20813 0 0 0 0
5 0 29645 0 31417170 0 237160 0 20843 20843 0 0 0 0
14 0 30232 0 203529890 0 241856 0 18521 18521 0 0 0 0
13 0 29181 0 196830373 0 233448 0 23990 23990 0 0 0 0
8 0 29232 0 64444353 0 233856 0 16697 16697 0 0 0 0
15 0 29474 0 196472807 0 235792 0 23969 23969 0 0 0 0
:
:vdbench503_vdbench_data_for_swat303
:date 12212024-13:43:26.000 12212024-13:43:27.000
10 0 29263 0 90476457 0 234104 0 16836 16836 0 0 0 0
9 0 29635 0 70044429 0 237080 0 19193 19193 0 0 0 0
12 0 29204 0 185461713 0 233632 0 24636 24636 0 0 0 0
11 0 29531 0 75349119 0 236248 0 18265 18265 0 0 0 0
2 0 29238 0 47761645 0 233904 0 24928 24928 0 0 0 0
3 0 29306 0 31428068 0 234448 0 22688 22688 0 0 0 0
0 0 29268 0 92373702 0 234144 0 50469 50469 0 0 0 0
1 0 29387 0 35121703 0 235096 0 21475 21475 0 0 0 0
6 0 29338 0 50686854 0 234704 0 17029 17029 0 0 0 0
7 0 28459 0 123096782 0 227672 0 19378 19378 0 0 0 0
4 0 29305 0 40145445 0 234440 0 23456 23456 0 0 0 0
5 0 29422 0 34274026 0 235376 0 22411 22411 0 0 0 0
14 0 28069 0 186981386 0 224552 0 21880 21880 0 0 0 0
13 0 29350 0 198465225 0 234800 0 22085 22085 0 0 0 0
8 0 29407 0 78394621 0 235256 0 18674 18674 0 0 0 0
15 0 27528 0 185170333 0 220224 0 24158 24158 0 0 0 0
:
:vdbench503_vdbench_data_for_swat303
:date 12212024-13:43:27.000 12212024-13:43:28.000
10 0 29696 0 119550677 0 237568 0 18473 18473 0 0 0 0
9 0 29446 0 53700019 0 235568 0 17876 17876 0 0 0 0
12 0 31953 0 199323737 0 255624 0 25866 25866 0 0 0 0
11 0 30499 0 67199879 0 243992 0 16568 16568 0 0 0 0
2 0 29461 0 57132040 0 235688 0 22857 22857 0 0 0 0
3 0 29500 0 33671283 0 236000 0 22856 22856 0 0 0 0
0 0 29732 0 99701383 0 237856 0 55012 55012 0 0 0 0
1 0 29336 0 31355329 0 234688 0 21383 21383 0 0 0 0
6 0 31309 0 50188206 0 250472 0 20204 20204 0 0 0 0
7 0 30740 0 122741785 0 245920 0 25154 25154 0 0 0 0
4 0 30449 0 50787312 0 243592 0 21314 21314 0 0 0 0
5 0 31390 0 33026090 0 251120 0 20507 20507 0 0 0 0
14 0 31990 0 208925624 0 255920 0 22289 22289 0 0 0 0
13 0 31831 0 217422770 0 254648 0 25488 25488 0 0 0 0
8 0 29357 0 77127530 0 234856 0 18568 18568 0 0 0 0
15 0 31583 0 211345872 0 252664 0 24787 24787 0 0 0 0
:
:vdbench503_vdbench_data_for_swat303
:date 12212024-13:43:28.000 12212024-13:43:29.000
10 0 29265 0 96471762 0 234120 0 23737 23737 0 0 0 0
9 0 29647 0 54582648 0 237176 0 22753 22753 0 0 0 0
12 0 27400 0 172826035 0 219200 0 35133 35133 0 0 0 0
11 0 28490 0 63195694 0 227920 0 16769 16769 0 0 0 0
2 0 29398 0 65527093 0 235184 0 27737 27737 0 0 0 0
3 0 29354 0 35027142 0 234832 0 26184 26184 0 0 0 0
0 0 29253 0 118756751 0 234024 0 50683 50683 0 0 0 0
1 0 29347 0 31877282 0 234776 0 24299 24299 0 0 0 0
6 0 27522 0 36163814 0 220176 0 22883 22883 0 0 0 0
7 0 28147 0 90231133 0 225176 0 23998 23998 0 0 0 0
4 0 28814 0 57739232 0 230512 0 22628 22628 0 0 0 0
5 0 27695 0 28076410 0 221560 0 26367 26367 0 0 0 0
14 0 27876 0 187084657 0 223008 0 30911 30911 0 0 0 0
13 0 27250 0 184943980 0 218000 0 32407 32407 0 0 0 0
8 0 29654 0 68867324 0 237232 0 23354 23354 0 0 0 0
15 0 29115 0 196922238 0 232920 0 30255 30255 0 0 0 0
:
:vdbench503_vdbench_data_for_swat303
:date 12212024-13:43:29.000 12212024-13:43:30.000
10 0 29271 0 105399760 0 234168 0 22854 22854 0 0 0 0
9 0 29055 0 60719540 0 232440 0 18901 18901 0 0 0 0
12 0 29052 0 182634851 0 232416 0 22996 22996 0 0 0 0
11 0 29046 0 76455675 0 232368 0 17772 17772 0 0 0 0
2 0 29237 0 68215738 0 233896 0 24748 24748 0 0 0 0
3 0 29012 0 42037722 0 232096 0 23593 23593 0 0 0 0
0 0 29380 0 105963016 0 235040 0 52740 52740 0 0 0 0
1 0 29227 0 51328179 0 233816 0 25928 25928 0 0 0 0
6 0 29292 0 43259322 0 234336 0 18590 18590 0 0 0 0
7 0 29806 0 100380815 0 238448 0 16690 16690 0 0 0 0
4 0 29626 0 53223862 0 237008 0 24887 24887 0 0 0 0
5 0 29290 0 35378470 0 234320 0 21470 21470 0 0 0 0
14 0 30099 0 207005586 0 240792 0 19881 19881 0 0 0 0
13 0 28729 0 194135383 0 229832 0 21975 21975 0 0 0 0
8 0 29261 0 104670115 0 234088 0 22045 22045 0 0 0 0
15 0 28643 0 193220316 0 229144 0 22818 22818 0 0 0 0
:
:vdbench503_vdbench_data_for_swat303
:date 12212024-13:43:30.000 12212024-13:43:31.000
10 0 28708 0 93902357 0 229664 0 22005 22005 0 0 0 0
9 0 28557 0 60002232 0 228456 0 17349 17349 0 0 0 0
12 0 29053 0 189839189 0 232424 0 23934 23934 0 0 0 0
11 0 28793 0 90666985 0 230344 0 18374 18374 0 0 0 0
2 0 29617 0 41233372 0 236936 0 21727 21727 0 0 0 0
3 0 29338 0 34994302 0 234704 0 20496 20496 0 0 0 0
0 0 29370 0 92652106 0 234960 0 49350 49350 0 0 0 0
1 0 29129 0 35961710 0 233032 0 22033 22033 0 0 0 0
6 0 30302 0 41867000 0 242416 0 17113 17113 0 0 0 0
7 0 29080 0 105263201 0 232640 0 18682 18682 0 0 0 0
4 0 29558 0 39477917 0 236464 0 22322 22322 0 0 0 0
5 0 29503 0 32752710 0 236024 0 21081 21081 0 0 0 0
14 0 29717 0 205972125 0 237736 0 22520 22520 0 0 0 0
13 0 30854 0 207788021 0 246832 0 23389 23389 0 0 0 0
8 0 28790 0 92627857 0 230320 0 19016 19016 0 0 0 0
15 0 29521 0 203772972 0 236168 0 24444 24444 0 0 0 0
:
:vdbench503_vdbench_data_for_swat303
:date 12212024-13:43:31.000 12212024-13:43:32.000
10 0 30067 0 91301349 0 240536 0 17833 17833 0 0 0 0
9 0 30054 0 52134453 0 240432 0 15851 15851 0 0 0 0
12 0 29705 0 192560825 0 237640 0 21724 21724 0 0 0 0
11 0 29876 0 66301424 0 239008 0 17309 17309 0 0 0 0
2 0 29550 0 49054961 0 236400 0 22786 22786 0 0 0 0
3 0 29330 0 47132551 0 234640 0 20634 20634 0 0 0 0
0 0 29362 0 89752159 0 234896 0 66194 66194 0 0 0 0
1 0 29245 0 45902355 0 233960 0 22574 22574 0 0 0 0
6 0 28060 0 36169933 0 224480 0 15182 15182 0 0 0 0
7 0 28586 0 71481861 0 228688 0 21327 21327 0 0 0 0
4 0 29318 0 44380064 0 234544 0 21551 21551 0 0 0 0
5 0 29321 0 36640169 0 234568 0 19133 19133 0 0 0 0
14 0 28629 0 194743203 0 229032 0 22725 22725 0 0 0 0
13 0 27844 0 185522460 0 222752 0 23417 23417 0 0 0 0
8 0 30485 0 80321610 0 243880 0 17122 17122 0 0 0 0
15 0 30141 0 205256114 0 241128 0 22341 22341 0 0 0 0
:
:vdbench503_vdbench_data_for_swat303
:date 12212024-13:43:32.000 12212024-13:43:33.000
10 0 29078 0 76508612 0 232624 0 18726 18726 0 0 0 0
9 0 29509 0 52023467 0 236072 0 17455 17455 0 0 0 0
12 0 29417 0 185284233 0 235336 0 22559 22559 0 0 0 0
11 0 28918 0 73727326 0 231344 0 17421 17421 0 0 0 0
2 0 29229 0 46404230 0 233832 0 24179 24179 0 0 0 0
3 0 29450 0 42541062 0 235600 0 21245 21245 0 0 0 0
0 0 29347 0 91871613 0 234776 0 51600 51600 0 0 0 0
1 0 29174 0 38156535 0 233392 0 20838 20838 0 0 0 0
6 0 29599 0 44585433 0 236792 0 16549 16549 0 0 0 0
7 0 30505 0 53001721 0 244040 0 15403 15403 0 0 0 0
4 0 29664 0 46661462 0 237312 0 22722 22722 0 0 0 0
5 0 29393 0 42706820 0 235144 0 21854 21854 0 0 0 0
14 0 29645 0 200112234 0 237160 0 19031 19031 0 0 0 0
13 0 29167 0 195836925 0 233336 0 22970 22970 0 0 0 0
8 0 29117 0 82487207 0 232936 0 19087 19087 0 0 0 0
15 0 29838 0 201340891 0 238704 0 26660 26660 0 0 0 0
:
:vdbench503_vdbench_data_for_swat303
:date 12212024-13:43:33.000 12212024-13:43:34.000
10 0 29577 0 75611690 0 236616 0 15997 15997 0 0 0 0
9 0 29566 0 49784218 0 236528 0 17394 17394 0 0 0 0
12 0 29364 0 185068261 0 234912 0 23134 23134 0 0 0 0
11 0 29760 0 90651201 0 238080 0 18270 18270 0 0 0 0
2 0 29111 0 68693816 0 232888 0 22818 22818 0 0 0 0
3 0 29087 0 32563897 0 232696 0 20916 20916 0 0 0 0
0 0 29551 0 204285537 0 236408 0 52130 52130 0 0 0 0
1 0 29431 0 31091757 0 235448 0 20978 20978 0 0 0 0
6 0 29616 0 41654764 0 236928 0 16982 16982 0 0 0 0
7 0 28286 0 48153822 0 226288 0 17722 17722 0 0 0 0
4 0 29601 0 79166689 0 236808 0 22541 22541 0 0 0 0
5 0 29453 0 32116640 0 235624 0 19820 19820 0 0 0 0
14 0 29096 0 195735756 0 232768 0 30359 30359 0 0 0 0
13 0 29504 0 196894276 0 236032 0 21552 21552 0 0 0 0
8 0 29581 0 114344915 0 236648 0 19090 19090 0 0 0 0
15 0 28914 0 198272913 0 231312 0 23824 23824 0 0 0 0
:
:vdbench503_vdbench_data_for_swat303
:date 12212024-13:43:34.000 12212024-13:43:35.000
10 0 29237 0 86980978 0 233896 0 17116 17116 0 0 0 0
9 0 29190 0 51106582 0 233520 0 22304 22304 0 0 0 0
12 0 29553 0 119537828 0 236424 0 29469 29469 0 0 0 0
11 0 29354 0 84192881 0 234832 0 31001 31001 0 0 0 0
2 0 29553 0 43525129 0 236424 0 31990 31990 0 0 0 0
3 0 29386 0 38480636 0 235088 0 24362 24362 0 0 0 0
0 0 29146 0 90754023 0 233168 0 56204 56204 0 0 0 0
1 0 29580 0 31407486 0 236640 0 23394 23394 0 0 0 0
6 0 29400 0 42192044 0 235200 0 26069 26069 0 0 0 0
7 0 30020 0 55583243 0 240160 0 17389 17389 0 0 0 0
4 0 29307 0 44453102 0 234456 0 29082 29082 0 0 0 0
5 0 29517 0 38186124 0 236136 0 28906 28906 0 0 0 0
14 0 29327 0 126558987 0 234616 0 31384 31384 0 0 0 0
13 0 29188 0 127778849 0 233504 0 36317 36317 0 0 0 0
8 0 29119 0 103046997 0 232952 0 29637 29637 0 0 0 0
15 0 29113 0 125231773 0 232904 0 31484 31484 0 0 0 0
:
:vdbench503_vdbench_data_for_swat303
:date 12212024-13:43:35.000 12212024-13:43:36.000
10 0 29253 0 90113227 0 234024 0 16372 16372 0 0 0 0
9 0 29608 0 49640531 0 236864 0 18431 18431 0 0 0 0
12 0 29162 0 177828204 0 233296 0 24956 24956 0 0 0 0
11 0 29278 0 57976825 0 234224 0 16615 16615 0 0 0 0
2 0 29098 0 52151013 0 232784 0 22968 22968 0 0 0 0
3 0 28974 0 32635072 0 231792 0 21761 21761 0 0 0 0
0 0 29199 0 105128752 0 233592 0 50175 50175 0 0 0 0
1 0 29172 0 37220385 0 233376 0 23114 23114 0 0 0 0
6 0 29252 0 38513780 0 234016 0 18355 18355 0 0 0 0
7 0 29565 0 53031888 0 236520 0 13405 13405 0 0 0 0
4 0 29545 0 56527835 0 236360 0 22131 22131 0 0 0 0
5 0 29197 0 29215641 0 233576 0 20348 20348 0 0 0 0
14 0 30168 0 196005255 0 241344 0 23049 23049 0 0 0 0
13 0 29437 0 192793746 0 235496 0 22430 22430 0 0 0 0
8 0 29173 0 78909697 0 233384 0 18737 18737 0 0 0 0
15 0 28674 0 184395624 0 229392 0 23329 23329 0 0 0 0
:
:vdbench503_vdbench_data_for_swat303
:date 12212024-13:43:36.000 12212024-13:43:37.000
10 0 28826 0 148383639 0 230608 0 18467 18467 0 0 0 0
9 0 29401 0 68192519 0 235208 0 17745 17745 0 0 0 0
12 0 29724 0 202261611 0 237792 0 25985 25985 0 0 0 0
11 0 29134 0 83887579 0 233072 0 17817 17817 0 0 0 0
2 0 29517 0 43876177 0 236136 0 23846 23846 0 0 0 0
3 0 29695 0 45347530 0 237560 0 20416 20416 0 0 0 0
0 0 29333 0 97852423 0 234664 0 52328 52328 0 0 0 0
1 0 28897 0 37025664 0 231176 0 20155 20155 0 0 0 0
6 0 29311 0 73069298 0 234488 0 19171 19171 0 0 0 0
7 0 28871 0 115656273 0 230968 0 20743 20743 0 0 0 0
4 0 29522 0 44171762 0 236176 0 22046 22046 0 0 0 0
5 0 29182 0 39017023 0 233456 0 28547 28547 0 0 0 0
14 0 28509 0 188774450 0 228072 0 21676 21676 0 0 0 0
13 0 29407 0 199863957 0 235256 0 23085 23085 0 0 0 0
8 0 29244 0 106610640 0 233952 0 18466 18466 0 0 0 0
15 0 29609 0 191756532 0 236872 0 25308 25308 0 0 0 0
:
:vdbench503_vdbench_data_for_swat303
:date 12212024-13:43:37.000 12212024-13:43:38.000
10 0 29462 0 177609928 0 235696 0 22132 22132 0 0 0 0
9 0 29660 0 74733022 0 237280 0 17368 17368 0 0 0 0
12 0 29327 0 112988217 0 234616 0 20245 20245 0 0 0 0
11 0 29390 0 107887967 0 235120 0 19033 19033 0 0 0 0
2 0 29454 0 39305982 0 235632 0 22855 22855 0 0 0 0
3 0 29527 0 29538613 0 236216 0 19660 19660 0 0 0 0
0 0 29350 0 82582346 0 234800 0 49907 49907 0 0 0 0
1 0 29461 0 30211543 0 235688 0 21636 21636 0 0 0 0
6 0 30095 0 78720978 0 240760 0 18723 18723 0 0 0 0
7 0 29928 0 115078225 0 239424 0 17972 17972 0 0 0 0
4 0 29223 0 31767262 0 233784 0 21546 21546 0 0 0 0
5 0 29532 0 30086034 0 236256 0 20404 20404 0 0 0 0
14 0 30804 0 105972034 0 246432 0 19156 19156 0 0 0 0
13 0 30789 0 106797421 0 246312 0 22917 22917 0 0 0 0
8 0 28956 0 99950479 0 231648 0 18511 18511 0 0 0 0
15 0 29528 0 92917082 0 236224 0 22092 22092 0 0 0 0
:
:vdbench503_vdbench_data_for_swat303
:date 12212024-13:43:38.000 12212024-13:43:39.000
10 0 29484 0 156299921 0 235872 0 21479 21479 0 0 0 0
9 0 29687 0 64196231 0 237496 0 18554 18554 0 0 0 0
12 0 29741 0 19977004 0 237928 0 13526 13526 0 0 0 0
11 0 29564 0 84613946 0 236512 0 17904 17904 0 0 0 0
2 0 29765 0 42370705 0 238120 0 21604 21604 0 0 0 0
3 0 29406 0 34545862 0 235248 0 22276 22276 0 0 0 0
0 0 29247 0 80353698 0 233976 0 45558 45558 0 0 0 0
1 0 29396 0 37040906 0 235168 0 22074 22074 0 0 0 0
6 0 28529 0 64614235 0 228232 0 17551 17551 0 0 0 0
7 0 27914 0 94991800 0 223312 0 22995 22995 0 0 0 0
4 0 29354 0 36285875 0 234832 0 30095 30095 0 0 0 0
5 0 29480 0 35045073 0 235840 0 19822 19822 0 0 0 0
14 0 28040 0 17600521 0 224320 0 13155 13155 0 0 0 0
13 0 28462 0 15994267 0 227696 0 8912 8912 0 0 0 0
8 0 29519 0 71807010 0 236152 0 17978 17978 0 0 0 0
15 0 29405 0 17363844 0 235240 0 13149 13149 0 0 0 0
:
:vdbench503_vdbench_data_for_swat303
:date 12212024-13:43:39.000 12212024-13:43:40.000
10 0 47325 0 232123823 0 378600 0 18276 18276 0 0 0 0
9 0 47595 0 68626116 0 380760 0 17118 17118 0 0 0 0
12 0 47905 0 25722464 0 383240 0 12428 12428 0 0 0 0
11 0 48003 0 103720305 0 384024 0 17852 17852 0 0 0 0
2 0 29442 0 66617264 0 235536 0 23399 23399 0 0 0 0
3 0 29654 0 39104541 0 237232 0 21757 21757 0 0 0 0
0 0 29605 0 109088800 0 236840 0 52449 52449 0 0 0 0
1 0 29408 0 37241463 0 235264 0 21213 21213 0 0 0 0
6 0 29702 0 85181376 0 237616 0 19707 19707 0 0 0 0
7 0 44056 0 160796984 0 352448 0 45819 45819 0 0 0 0
4 0 29296 0 62250875 0 234368 0 21386 21386 0 0 0 0
5 0 29650 0 38214018 0 237200 0 19975 19975 0 0 0 0
14 0 47762 0 24970234 0 382096 0 12256 12256 0 0 0 0
13 0 48063 0 23359412 0 384504 0 11651 11651 0 0 0 0
8 0 47697 0 103934314 0 381576 0 18269 18269 0 0 0 0
15 0 46048 0 22145771 0 368384 0 10489 10489 0 0 0 0
